patient_id,age,gender,bmi,smoking_status,alcohol_use,physical_activity,family_history_chronic_disease,systolic_bp,diastolic_bp,heart_rate,glucose_mg_dl,cholesterol_mg_dl,hdl_mg_dl,ldl_mg_dl,triglycerides_mg_dl,creatinine_mg_dl,diabetes_risk,heart_disease_risk,kidney_disease_risk
P100000,69,Male,29.5,Never,None,Low,No,153,77,50,102,173,38,142,122,1.51,Low,Low,High
P100001,32,Female,24.8,Former,None,Moderate,No,133,97,68,171,213,33,147,71,1.28,Low,Low,Moderate
P100002,78,Female,19.6,Never,Moderate,High,No,98,86,68,129,137,39,155,217,1.16,High,Moderate,Moderate
P100003,38,Female,26.0,Former,None,High,Yes,108,85,65,170,216,47,175,246,1.22,High,Moderate,Moderate
P100004,41,Male,33.0,Current,Moderate,Low,No,148,65,76,131,278,51,66,208,1.43,High,High,High
P100005,20,Female,19.4,Never,Moderate,Moderate,No,121,88,70,135,160,46,83,226,1.32,Moderate,Moderate,Moderate
P100006,39,Female,21.7,Former,Moderate,Low,Yes,126,68,66,164,169,21,95,129,1.17,High,Moderate,Moderate
P100007,70,Male,27.6,Never,Moderate,High,No,138,66,64,116,171,68,105,111,1.32,Low,Low,High
P100008,19,Female,22.1,Current,None,High,No,137,75,67,99,205,63,110,103,0.68,Moderate,Moderate,Low
P100009,47,Female,23.0,Never,None,Moderate,No,130,72,86,135,157,55,106,188,0.55,High,Moderate,Moderate
P100010,55,Male,24.9,Former,None,High,Yes,121,77,68,148,216,72,126,163,1.05,High,Moderate,Moderate
P100011,19,Male,20.2,Current,None,Moderate,No,119,62,69,90,233,38,121,145,1.02,Low,Low,Low
P100012,81,Male,22.1,Current,None,Moderate,No,140,91,70,83,221,72,98,227,0.84,Moderate,Moderate,Moderate
P100013,77,Female,30.5,Former,None,Low,No,134,93,78,109,129,38,54,174,1.25,Low,Low,Moderate
P100014,38,Female,20.5,Never,None,Moderate,No,120,56,79,129,239,52,90,99,0.44,Low,Low,Low
P100015,50,Female,19.0,Former,Heavy,Moderate,No,144,91,50,128,237,34,103,109,0.84,High,Moderate,Moderate
P100016,75,Male,23.8,Current,Moderate,Moderate,No,122,70,85,62,233,50,112,190,0.85,Low,Low,Moderate
P100017,39,Male,30.7,Former,None,Low,No,109,90,89,162,214,54,86,212,0.51,High,Moderate,Low
P100018,66,Female,26.0,Never,Moderate,High,No,111,79,64,85,208,48,105,183,1.45,Low,Low,High
P100019,76,Female,24.7,Current,None,Low,Yes,107,80,65,97,241,58,86,263,0.59,High,High,Moderate
P100020,59,Male,27.2,Former,None,Moderate,No,120,77,70,77,276,51,116,248,0.82,Moderate,Moderate,Moderate
P100021,77,Male,18.3,Former,Moderate,Moderate,Yes,147,94,67,185,161,43,87,176,1.27,High,High,High
P100022,32,Male,29.5,Never,None,Moderate,No,110,65,77,112,243,43,94,99,1.19,Low,Low,Moderate
P100023,79,Male,28.9,Former,None,Moderate,No,128,87,55,79,196,59,80,71,0.67,Low,Low,Moderate
P100024,79,Female,25.0,Never,Heavy,Low,No,113,93,63,130,194,42,115,126,1.2,High,Moderate,Moderate
P100025,64,Male,32.0,Former,Moderate,Low,No,120,88,90,128,138,60,94,195,1.09,High,Moderate,Moderate
P100026,79,Female,21.4,Never,Moderate,Moderate,No,97,107,65,99,188,64,147,259,1.7,Moderate,Moderate,High
P100027,68,Female,32.6,Former,Moderate,Moderate,Yes,121,73,87,130,160,29,132,175,1.12,High,High,Moderate
P100028,72,Female,27.8,Current,Moderate,Low,No,121,91,78,80,181,63,117,220,0.96,Moderate,Moderate,Moderate
P100029,81,Male,25.3,Never,None,Moderate,No,134,78,56,90,156,74,96,135,0.74,Moderate,Moderate,Moderate
P100030,20,Male,26.9,Current,None,Moderate,Yes,129,94,81,60,182,53,131,187,0.78,Low,Low,Low
P100031,68,Male,26.5,Never,None,Moderate,Yes,103,79,73,65,183,57,140,199,0.75,Low,Low,Moderate
P100032,24,Male,33.1,Current,None,High,No,144,75,70,159,203,62,124,50,1.41,High,High,High
P100033,38,Female,21.6,Former,Moderate,Low,No,128,95,77,154,135,46,168,125,1.01,Low,Low,Low
P100034,56,Male,23.2,Former,None,Low,No,128,74,79,106,142,52,133,206,1.17,Low,Low,Moderate
P100035,35,Male,32.2,Former,Heavy,Moderate,No,124,63,82,154,214,34,147,166,1.45,High,Moderate,Moderate
P100036,21,Female,24.0,Current,Heavy,Moderate,Yes,115,73,86,100,168,51,124,78,0.4,Moderate,Moderate,Low
P100037,77,Male,31.5,Never,Moderate,Moderate,No,128,87,79,97,242,55,140,50,1.38,Low,Low,High
P100038,31,Female,35.5,Never,Moderate,High,No,133,96,61,106,209,56,96,128,1.02,Moderate,Moderate,Low
P100039,26,Female,25.0,Former,Moderate,High,No,93,81,70,101,224,62,106,145,1.13,Low,Low,Moderate
P100040,70,Female,30.4,Current,None,High,No,115,95,104,98,256,40,130,96,0.75,High,High,Moderate
P100041,19,Female,21.2,Former,Moderate,Moderate,No,120,63,82,139,187,43,130,158,0.77,Low,Low,Low
P100042,77,Female,30.8,Former,None,Moderate,No,129,74,98,109,177,72,135,180,1.15,Low,Low,Moderate
P100043,61,Female,28.0,Never,Moderate,Moderate,No,146,76,88,126,234,48,153,190,1.72,Low,Low,High
P100044,25,Female,29.4,Current,None,Low,Yes,111,78,77,135,220,52,77,50,1.3,High,Moderate,Moderate
P100045,64,Female,23.8,Never,Moderate,Moderate,No,116,81,78,116,192,49,90,71,1.38,Moderate,Moderate,High
P100046,52,Male,18.7,Never,Heavy,Low,No,115,88,74,75,255,40,126,131,0.94,Moderate,Moderate,Moderate
P100047,53,Male,29.5,Never,None,High,No,110,74,57,64,191,69,98,184,0.82,Low,Low,Moderate
P100048,67,Male,16.7,Never,None,Moderate,Yes,118,81,75,109,201,43,220,179,0.77,Low,Low,Moderate
P100049,21,Male,25.4,Never,Heavy,Moderate,No,138,79,87,99,200,36,135,178,0.85,Low,Low,Low
P100050,19,Female,31.7,Never,None,Low,Yes,106,68,69,107,162,44,117,126,0.4,Moderate,Moderate,Low
P100051,23,Male,28.0,Former,Moderate,Low,No,132,78,79,104,203,25,104,130,0.78,Low,Low,Low
P100052,71,Female,36.7,Never,Moderate,Low,No,94,78,83,182,255,42,105,106,0.83,High,High,Moderate
P100053,21,Male,32.1,Never,None,Moderate,No,114,78,65,65,217,38,120,196,0.95,Low,Low,Low
P100054,71,Male,23.7,Never,None,Low,Yes,119,80,70,60,201,57,123,94,1.04,Low,Low,Moderate
P100055,80,Male,27.1,Never,None,Moderate,No,155,80,64,114,193,41,106,201,1.11,Moderate,Moderate,High
P100056,35,Female,26.8,Never,Moderate,High,No,120,74,66,93,213,60,111,162,1.0,Low,Low,Low
P100057,61,Male,19.1,Never,None,High,No,90,95,62,114,229,66,160,147,0.83,Low,Low,Moderate
P100058,51,Female,22.3,Former,Moderate,Moderate,No,90,65,65,122,224,59,161,110,0.41,Moderate,Moderate,Moderate
P100059,79,Female,24.2,Former,None,Low,No,125,71,89,143,186,47,127,68,0.83,High,Moderate,Moderate
P100060,31,Male,16.8,Former,Moderate,High,No,136,113,65,60,212,51,79,111,0.71,Low,Low,Low
P100061,65,Male,27.2,Never,Moderate,High,Yes,131,67,76,88,219,31,136,130,1.14,Moderate,Moderate,Moderate
P100062,32,Male,25.8,Never,Heavy,Low,Yes,128,63,69,117,159,48,166,50,1.27,Low,Low,Moderate
P100063,79,Female,18.6,Current,None,Moderate,No,145,88,86,128,206,39,161,138,1.28,High,High,High
P100064,57,Male,29.0,Never,Moderate,Low,No,115,55,88,170,120,58,142,205,1.23,High,Moderate,Moderate
P100065,70,Female,30.6,Never,Moderate,High,No,141,77,83,133,219,80,162,184,0.96,High,High,High
P100066,41,Female,28.1,Never,Moderate,High,Yes,95,105,78,103,226,55,121,120,0.84,Low,Low,Low
P100067,43,Male,25.4,Never,Heavy,Low,Yes,108,61,72,78,229,26,138,152,0.78,Low,Low,Low
P100068,77,Male,30.0,Never,None,High,No,92,56,63,88,184,45,99,116,0.55,Low,Low,Moderate
P100069,58,Female,30.4,Never,None,Moderate,Yes,120,62,94,87,212,51,128,158,1.3,Moderate,Moderate,Moderate
P100070,46,Female,28.5,Former,Moderate,High,No,124,90,67,124,256,51,159,242,0.95,Low,Low,Moderate
P100071,32,Female,22.9,Never,None,Moderate,Yes,127,93,81,112,256,41,102,208,0.63,Moderate,Moderate,Low
P100072,62,Male,28.4,Former,Moderate,High,No,126,73,85,65,198,52,94,181,0.75,Low,Low,Moderate
P100073,82,Female,33.0,Former,Moderate,Low,No,108,88,69,91,205,35,122,120,0.74,Low,Low,Moderate
P100074,26,Male,24.0,Current,None,Low,Yes,121,96,85,131,244,38,113,194,1.01,High,Moderate,Low
P100075,18,Female,37.5,Former,Moderate,Low,No,98,101,82,115,139,57,139,50,1.32,Moderate,Moderate,Moderate
P100076,25,Female,24.4,Current,None,High,Yes,149,77,92,122,187,37,106,134,0.9,Moderate,High,Low
P100077,80,Male,27.2,Never,Moderate,High,No,119,55,70,116,253,56,171,185,0.4,Moderate,Moderate,Moderate
P100078,28,Female,23.6,Never,Moderate,High,No,116,70,62,153,239,33,81,194,0.94,High,Moderate,Low
P100079,25,Male,28.1,Never,Heavy,High,No,153,74,69,112,214,71,157,190,0.95,Low,Low,Low
P100080,52,Male,18.3,Former,None,Low,No,102,76,77,93,139,40,97,167,0.93,Low,Low,Moderate
P100081,52,Female,24.3,Current,None,Low,No,104,77,75,77,198,47,66,138,0.81,Low,Low,Moderate
P100082,50,Male,21.5,Never,Moderate,Low,Yes,105,93,71,112,176,53,127,182,1.07,Moderate,Moderate,Moderate
P100083,22,Male,27.7,Current,Moderate,Low,Yes,123,95,55,60,213,43,112,92,1.02,Moderate,Moderate,Low
P100084,58,Female,32.0,Never,Moderate,Low,No,132,77,79,99,167,51,86,99,0.99,Moderate,Moderate,Moderate
P100085,45,Male,30.2,Current,None,Moderate,No,138,93,94,98,158,56,69,153,1.12,Moderate,Moderate,Moderate
P100086,24,Male,15.1,Never,None,Low,No,171,84,79,64,120,61,119,160,0.87,Low,Low,Low
P100087,29,Male,37.2,Never,None,Low,No,90,80,81,77,248,59,149,50,0.85,High,Moderate,Low
P100088,51,Female,28.5,Never,Moderate,Low,No,135,90,80,129,184,47,137,177,1.41,High,Moderate,Moderate
P100089,50,Male,23.1,Never,None,Low,No,114,80,78,111,206,48,121,196,1.17,Low,Low,Moderate
P100090,65,Female,27.8,Never,None,High,No,114,104,84,108,199,78,134,145,1.25,Low,Low,Moderate
P100091,40,Female,27.9,Never,Heavy,Moderate,No,113,62,78,114,157,61,119,292,1.37,Low,Low,Moderate
P100092,79,Male,23.7,Current,None,High,No,108,73,71,107,149,38,77,109,1.16,High,Moderate,Moderate
P100093,54,Male,28.0,Never,Heavy,Moderate,Yes,155,78,67,142,159,51,77,128,1.28,High,High,Moderate
P100094,61,Male,24.0,Never,Moderate,Low,Yes,140,85,72,108,171,45,113,126,0.53,Moderate,Moderate,Moderate
P100095,52,Female,25.0,Former,Moderate,Moderate,Yes,125,95,78,61,214,48,115,145,1.06,Moderate,Moderate,Moderate
P100096,82,Male,23.6,Former,None,Low,Yes,149,79,71,153,168,35,145,130,0.95,High,High,High
P100097,64,Male,19.8,Never,None,Low,No,97,62,78,116,269,45,142,65,1.5,Low,Low,High
P100098,20,Male,27.7,Never,Moderate,Low,No,101,90,79,87,241,71,138,117,1.28,Low,Low,Moderate
P100099,18,Male,29.9,Never,Moderate,Low,No,90,89,83,67,232,56,111,144,0.81,Low,Low,Low
P100100,22,Male,29.6,Never,Moderate,Low,No,112,56,87,116,195,20,78,223,1.11,Low,Low,Moderate
P100101,31,Female,31.1,Former,None,Low,No,127,79,75,101,260,64,132,282,1.05,Moderate,Moderate,Low
P100102,44,Female,28.6,Never,Moderate,Moderate,Yes,126,60,61,152,191,63,135,230,1.14,Moderate,Moderate,Moderate
P100103,26,Male,24.3,Never,Moderate,Low,Yes,127,72,71,94,198,45,50,103,0.69,Low,Low,Low
P100104,32,Male,31.2,Former,Moderate,Low,Yes,99,69,75,79,206,58,94,108,1.11,Moderate,Moderate,Moderate
P100105,59,Male,20.2,Never,Moderate,High,No,139,89,56,131,228,39,99,140,0.93,High,Moderate,Moderate
P100106,68,Male,22.5,Former,Moderate,Low,Yes,129,81,88,132,225,44,123,257,1.08,High,High,Moderate
P100107,80,Female,22.2,Never,Moderate,Low,Yes,138,64,76,110,180,67,95,140,0.78,Low,Low,Moderate
P100108,69,Male,32.4,Current,None,High,No,90,90,78,125,178,46,118,70,0.82,High,Moderate,Moderate
P100109,21,Female,31.7,Never,None,Low,No,130,62,88,103,225,27,113,119,1.35,Low,Low,Moderate
P100110,40,Female,29.4,Current,None,Low,Yes,103,83,68,112,228,49,115,195,0.68,Moderate,Moderate,Low
P100111,32,Male,32.4,Former,None,Moderate,No,117,70,80,139,184,49,98,191,0.71,Low,Low,Low
P100112,60,Female,22.6,Never,None,Low,No,134,75,73,123,136,64,100,137,0.98,Moderate,Moderate,Moderate
P100113,46,Female,28.7,Former,None,Moderate,No,126,86,73,99,191,50,87,191,0.77,Low,Low,Moderate
P100114,53,Female,26.4,Current,None,High,No,109,86,67,145,224,44,131,50,0.73,High,Moderate,Moderate
P100115,30,Female,31.2,Former,None,Low,Yes,125,96,91,60,272,62,137,156,1.03,Moderate,Moderate,Low
P100116,49,Male,26.4,Current,Moderate,Moderate,Yes,97,79,71,166,152,51,96,201,0.55,High,Moderate,Moderate
P100117,76,Male,25.1,Current,Heavy,Moderate,No,145,83,81,60,182,40,165,100,0.7,Moderate,High,High
P100118,45,Female,29.7,Never,None,Low,No,121,74,56,86,184,63,110,99,1.62,Low,Low,Moderate
P100119,83,Male,31.4,Never,Heavy,Moderate,No,145,82,86,103,254,52,165,50,1.14,High,High,High
P100120,59,Male,23.7,Former,Moderate,Low,No,115,85,85,100,198,50,100,245,0.78,Low,Low,Moderate
P100121,62,Male,26.7,Never,None,Moderate,No,115,78,75,135,163,52,59,106,1.13,High,Moderate,Moderate
P100122,79,Male,21.7,Current,None,Low,No,111,58,72,73,222,37,132,164,1.17,Low,Low,Moderate
P100123,74,Male,15.0,Current,Moderate,Moderate,No,140,83,79,112,183,43,127,186,1.3,Moderate,Moderate,Moderate
P100124,23,Female,28.0,Never,Moderate,Low,No,112,84,97,87,151,50,121,240,0.96,Low,Low,Low
P100125,45,Male,30.0,Never,Moderate,High,Yes,136,71,57,113,164,47,100,140,1.29,Low,Low,Moderate
P100126,45,Male,28.3,Former,None,Low,No,118,64,82,103,269,65,118,117,0.4,Low,Low,Low
P100127,61,Male,17.3,Never,None,Moderate,Yes,90,97,65,107,215,52,104,160,0.68,Moderate,Moderate,Moderate
P100128,47,Male,25.2,Current,None,Moderate,Yes,114,85,74,88,204,60,110,227,1.05,Moderate,Moderate,Moderate
P100129,79,Female,15.9,Never,None,Moderate,No,103,77,72,89,190,50,145,139,1.1,Low,Low,Moderate
P100130,79,Female,33.8,Former,None,Moderate,Yes,125,66,70,113,211,62,125,92,0.73,Moderate,Moderate,Moderate
P100131,18,Female,21.6,Never,None,Moderate,Yes,103,70,74,133,211,54,138,57,1.08,Low,Low,Low
P100132,44,Female,33.3,Former,Moderate,Moderate,Yes,141,95,63,87,211,50,113,76,0.81,Moderate,High,Low
P100133,79,Male,31.7,Never,Heavy,High,No,123,81,85,78,204,49,109,201,0.92,Moderate,Moderate,Moderate
P100134,20,Female,22.5,Former,None,Low,No,121,73,57,123,234,38,85,130,1.31,Low,Low,Moderate
P100135,44,Male,21.3,Never,Heavy,Moderate,No,136,86,80,104,200,56,108,113,1.27,Low,Low,Moderate
P100136,26,Male,28.8,Former,None,High,Yes,142,70,71,129,160,49,50,107,0.7,High,High,Low
P100137,79,Male,22.8,Current,None,High,No,124,98,63,77,175,43,102,155,0.68,Low,Low,Moderate
P100138,54,Male,27.5,Never,None,High,No,111,96,77,60,120,63,117,135,0.88,Low,Low,Moderate
P100139,68,Male,24.6,Never,Moderate,Low,No,93,74,59,89,281,34,136,133,0.99,Moderate,Moderate,Moderate
P100140,61,Female,18.1,Never,Heavy,Low,No,112,72,75,82,234,44,111,230,0.8,Low,Low,Moderate
P100141,41,Female,15.8,Former,Moderate,Moderate,Yes,113,55,60,102,166,62,130,242,1.31,Low,Low,Moderate
P100142,76,Female,28.1,Former,None,Moderate,No,126,62,79,85,188,53,54,53,1.1,Moderate,Moderate,Moderate
P100143,49,Female,24.2,Never,Moderate,Moderate,No,118,63,65,127,174,49,118,169,1.12,Low,Low,Moderate
P100144,69,Male,24.2,Never,None,Moderate,No,137,81,70,96,261,53,69,103,0.62,Moderate,Moderate,Moderate
P100145,79,Female,30.5,Never,Moderate,High,No,113,76,77,109,143,52,83,135,1.35,High,High,High
P100146,75,Male,32.9,Former,Moderate,Low,No,123,63,67,109,204,31,114,168,0.4,Moderate,Moderate,Moderate
P100147,69,Female,25.6,Never,None,High,No,146,76,74,110,195,45,158,137,1.25,Moderate,Moderate,High
P100148,29,Male,25.3,Current,Moderate,Moderate,No,131,86,59,104,233,69,131,163,1.28,Low,Low,Moderate
P100149,56,Male,29.5,Never,Moderate,Low,No,123,86,81,120,195,42,120,190,0.87,Low,Low,Moderate
P100150,19,Female,20.2,Former,None,Moderate,No,114,57,92,81,129,46,119,167,1.38,Low,Low,Moderate
P100151,20,Male,28.1,Never,Moderate,Moderate,Yes,113,78,102,146,189,43,98,111,0.98,High,Moderate,Low
P100152,73,Male,29.8,Never,None,Low,No,109,63,75,97,161,48,103,112,1.02,Moderate,Moderate,Moderate
P100153,76,Female,30.4,Former,Moderate,Low,No,115,90,82,65,203,43,132,63,1.1,Moderate,Moderate,Moderate
P100154,19,Male,17.3,Former,Moderate,High,No,138,89,57,110,257,55,78,98,1.96,Low,Low,Moderate
P100155,19,Female,23.2,Current,Moderate,Low,Yes,121,69,90,79,130,52,137,267,1.4,Low,Low,Moderate
P100156,71,Female,22.6,Never,Moderate,Moderate,No,100,70,82,124,167,59,108,102,1.21,Low,Low,Moderate
P100157,18,Female,27.5,Never,Moderate,Moderate,No,156,74,70,171,177,37,144,78,0.73,High,Moderate,Low
P100158,36,Male,29.4,Former,None,Moderate,No,130,55,87,81,184,45,148,169,1.04,Low,Low,Low
P100159,19,Male,34.5,Former,Moderate,Moderate,No,99,84,72,114,229,47,69,143,0.76,Moderate,Moderate,Low
P100160,70,Male,24.5,Never,None,Low,No,117,76,70,60,193,55,102,138,1.25,Low,Low,Moderate
P100161,61,Female,24.5,Never,None,Moderate,Yes,126,91,79,118,216,40,94,234,1.04,Moderate,Moderate,Moderate
P100162,49,Male,32.7,Never,None,Low,No,155,66,64,78,174,60,65,182,0.66,Moderate,Moderate,Moderate
P100163,49,Female,28.5,Current,None,Moderate,Yes,105,72,85,86,209,64,89,118,1.02,Moderate,Moderate,Moderate
P100164,72,Female,33.3,Never,Moderate,Low,Yes,142,61,64,71,231,38,193,124,0.75,High,High,High
P100165,73,Male,28.4,Never,None,Moderate,No,150,67,64,126,170,44,138,119,1.05,Low,Low,High
P100166,34,Female,21.2,Never,Moderate,Low,No,113,65,65,135,231,43,177,202,0.74,Moderate,Moderate,Low
P100167,55,Male,20.3,Never,None,Low,No,120,91,82,105,202,81,144,131,1.01,Moderate,Moderate,Moderate
P100168,41,Male,19.2,Never,None,Low,No,106,71,68,79,241,44,97,50,1.23,Low,Low,Moderate
P100169,28,Male,30.3,Never,Moderate,Low,No,121,81,61,152,191,70,108,147,0.98,Moderate,Moderate,Low
P100170,33,Male,32.9,Never,None,High,No,124,75,68,82,215,34,137,57,0.88,Low,Low,Low
P100171,76,Male,36.2,Current,None,Low,Yes,136,64,74,60,198,38,133,281,1.06,High,High,Moderate
P100172,20,Female,31.2,Never,Moderate,High,No,144,77,63,118,196,41,102,92,1.21,Moderate,Moderate,Moderate
P100173,37,Female,32.8,Never,None,High,No,111,87,63,71,210,39,74,140,0.67,Low,Low,Low
P100174,76,Female,24.1,Current,Moderate,Moderate,No,90,65,96,134,221,46,218,165,1.08,High,High,Moderate
P100175,53,Male,21.2,Former,None,Low,Yes,124,89,66,93,150,41,115,132,1.4,Low,Low,Moderate
P100176,36,Male,31.3,Never,None,Low,No,130,69,71,123,257,40,110,132,1.17,Moderate,Moderate,Moderate
P100177,84,Male,29.1,Never,Moderate,Moderate,Yes,129,74,71,147,125,63,123,175,1.02,High,Moderate,Moderate
P100178,36,Female,27.5,Never,None,Low,Yes,119,86,70,68,172,64,112,241,1.19,Low,Low,Moderate
P100179,37,Male,28.9,Former,None,Low,No,127,72,81,88,196,61,123,196,1.14,Low,Low,Moderate
P100180,69,Female,28.6,Current,None,Moderate,No,152,80,84,102,216,56,158,238,1.23,High,High,High
P100181,50,Female,33.4,Former,None,High,No,131,76,71,151,263,51,116,87,0.4,High,Moderate,Moderate
P100182,57,Male,33.5,Former,Moderate,Moderate,No,118,81,62,85,125,44,85,169,0.53,Low,Low,Moderate
P100183,56,Male,29.7,Former,None,Low,No,115,55,87,87,179,38,115,159,1.3,Low,Low,Moderate
P100184,18,Female,31.2,Never,Moderate,Moderate,No,121,58,74,119,120,54,106,171,0.55,Low,Low,Low
P100185,28,Male,29.6,Never,Moderate,Low,No,154,87,92,87,201,35,162,232,1.12,Low,Low,Moderate
P100186,74,Female,24.7,Former,None,Low,Yes,121,92,52,109,210,38,155,136,0.89,Moderate,Moderate,Moderate
P100187,67,Male,30.8,Current,Heavy,High,No,124,69,76,60,263,63,123,125,0.7,Moderate,Moderate,Moderate
P100188,40,Male,20.0,Never,None,Low,No,116,77,94,171,204,72,81,182,1.1,Low,Low,Low
P100189,48,Female,32.3,Former,Heavy,Low,No,144,83,71,64,241,54,83,50,1.06,High,High,Moderate
P100190,59,Male,21.0,Never,None,Low,No,160,88,72,95,223,63,120,135,1.63,Moderate,Moderate,High
P100191,24,Female,28.4,Never,Moderate,High,No,133,55,77,104,182,47,130,141,0.81,Low,Low,Low
P100192,33,Male,22.8,Never,None,Moderate,No,126,69,69,162,143,33,108,94,1.43,Low,Low,Moderate
P100193,77,Female,29.8,Never,None,Moderate,No,125,76,71,65,211,57,105,213,1.11,Low,Low,Moderate
P100194,19,Female,26.8,Former,Moderate,Moderate,Yes,90,88,71,164,140,56,102,86,0.8,High,Moderate,Low
P100195,18,Male,19.0,Never,Moderate,Low,No,138,109,68,127,251,50,119,141,1.24,Moderate,Moderate,Moderate
P100196,65,Female,29.1,Former,None,Moderate,No,127,77,87,117,193,47,50,167,1.17,Low,Low,Moderate
P100197,29,Male,24.1,Former,None,Low,No,132,63,79,75,247,61,86,231,1.01,Moderate,Moderate,Low
P100198,54,Male,31.4,Current,Moderate,Low,Yes,112,84,77,122,180,38,101,149,1.08,Moderate,Moderate,Moderate
P100199,49,Male,27.0,Never,Moderate,Moderate,No,118,95,83,83,210,40,156,206,0.82,Low,Low,Moderate
P100200,26,Female,29.0,Never,Heavy,High,No,117,81,72,142,208,37,95,192,0.75,Moderate,Moderate,Low
P100201,36,Female,22.2,Never,Moderate,Low,No,143,69,67,75,198,51,125,157,1.23,Low,Low,Moderate
P100202,65,Male,24.1,Current,Heavy,Low,No,118,91,68,101,182,36,126,84,0.93,Low,Low,Moderate
P100203,20,Male,24.7,Current,Moderate,Low,No,162,87,75,88,215,41,158,63,0.98,Moderate,High,Low
P100204,37,Female,31.3,Never,None,Low,No,132,67,64,75,162,41,157,156,1.08,Low,Low,Low
P100205,41,Male,35.4,Current,None,High,No,102,84,69,127,151,46,118,117,1.08,Moderate,Moderate,Low
P100206,71,Male,23.0,Never,Moderate,Moderate,No,122,91,69,121,249,32,105,205,0.57,Low,Low,Moderate
P100207,50,Female,32.4,Former,Moderate,Moderate,Yes,113,94,96,141,229,51,100,194,1.39,High,High,Moderate
P100208,41,Male,16.2,Never,None,Moderate,No,90,79,50,60,202,64,112,138,1.04,Low,Low,Low
P100209,53,Female,21.0,Former,None,Low,No,153,75,73,136,266,51,106,80,0.94,High,High,Moderate
P100210,55,Male,22.2,Never,Heavy,Moderate,No,137,94,92,180,189,68,136,180,1.13,High,Moderate,Moderate
P100211,42,Female,20.2,Current,Moderate,Moderate,Yes,134,65,76,91,252,66,132,88,1.07,Moderate,Moderate,Low
P100212,35,Male,19.1,Former,None,Moderate,No,127,85,82,161,207,59,137,104,1.23,High,Moderate,Moderate
P100213,83,Male,29.1,Former,None,High,Yes,100,63,75,97,159,50,157,91,1.16,Moderate,Moderate,Moderate
P100214,71,Female,25.9,Never,None,Moderate,Yes,116,92,68,63,273,50,175,141,1.22,Moderate,Moderate,Moderate
P100215,52,Male,28.9,Never,None,Low,No,140,76,52,95,239,59,123,220,1.41,Low,Low,Moderate
P100216,78,Female,30.5,Never,None,High,No,106,95,77,136,195,45,152,149,1.27,High,High,Moderate
P100217,58,Male,28.3,Never,None,Low,No,90,85,67,79,229,27,109,123,0.95,Low,Low,Moderate
P100218,50,Female,30.3,Never,Moderate,Low,No,120,65,66,86,183,55,155,58,0.66,Low,Low,Moderate
P100219,50,Female,26.7,Current,None,Low,Yes,122,97,70,122,233,36,151,183,1.5,Low,Low,Moderate
P100220,31,Female,21.1,Former,Moderate,Low,No,127,98,92,105,120,38,150,103,0.93,Low,Low,Low
P100221,38,Female,32.3,Never,Moderate,Moderate,No,138,90,99,122,159,50,122,157,0.86,Low,Low,Low
P100222,65,Male,24.1,Never,None,Moderate,Yes,136,70,77,112,239,48,99,128,0.48,Low,Low,Moderate
P100223,37,Male,22.3,Never,Moderate,High,No,129,76,70,119,190,33,78,200,1.1,Low,Low,Low
P100224,25,Female,26.1,Former,None,Moderate,No,146,81,63,92,208,51,118,140,1.04,Low,Low,Low
P100225,24,Female,22.4,Never,Moderate,Moderate,No,97,71,79,111,146,61,165,146,0.55,Low,Low,Low
P100226,84,Female,24.9,Current,None,Low,No,134,100,92,77,273,36,110,179,1.14,High,High,Moderate
P100227,34,Male,28.7,Never,Moderate,Low,No,136,81,72,143,247,65,143,276,0.85,High,Moderate,Low
P100228,50,Male,28.7,Current,Moderate,Moderate,No,102,55,51,85,191,31,145,203,1.81,Moderate,Moderate,Moderate
P100229,65,Male,22.5,Current,None,Moderate,No,97,84,81,138,183,75,111,144,0.83,High,High,Moderate
P100230,76,Male,24.6,Never,None,High,Yes,111,75,84,97,241,45,159,150,0.87,Moderate,Moderate,Moderate
P100231,39,Female,32.4,Current,Moderate,Low,No,113,79,59,111,279,51,50,118,0.74,Moderate,Moderate,Low
P100232,47,Female,29.5,Never,Moderate,Low,No,138,75,76,90,238,27,83,93,1.38,Low,Low,Moderate
P100233,55,Female,37.4,Current,None,Moderate,No,113,89,79,74,286,49,92,116,0.89,High,High,Moderate
P100234,68,Male,32.9,Never,Moderate,Low,No,109,93,74,60,163,52,95,103,0.78,Moderate,Moderate,Moderate
P100235,71,Male,32.7,Current,None,Low,No,113,83,67,73,167,48,130,189,1.21,High,High,Moderate
P100236,25,Male,20.1,Current,Moderate,Moderate,No,145,75,85,95,152,43,128,85,0.59,Moderate,Moderate,Low
P100237,44,Female,30.8,Current,None,Low,Yes,125,79,70,111,217,38,131,229,1.19,Moderate,Moderate,Moderate
P100238,44,Female,26.7,Former,Moderate,Moderate,No,121,80,60,135,207,63,137,195,1.53,High,Moderate,Moderate
P100239,38,Male,24.2,Never,None,Low,No,123,70,54,91,193,50,91,151,1.17,Low,Low,Moderate
P100240,47,Female,27.8,Never,None,Low,Yes,148,86,87,78,232,68,83,150,1.19,Moderate,Moderate,Moderate
P100241,45,Male,31.7,Never,None,Low,No,111,85,81,61,249,43,131,116,1.26,Moderate,Moderate,Moderate
P100242,81,Male,29.5,Never,None,High,No,148,98,75,119,138,44,101,166,1.51,Moderate,High,High
P100243,78,Female,22.6,Former,Moderate,Low,No,128,95,70,146,176,59,72,215,1.36,High,Moderate,High
P100244,65,Male,30.7,Never,None,Moderate,Yes,122,71,69,142,232,30,149,107,1.13,High,High,Moderate
P100245,36,Female,23.8,Current,Moderate,Low,Yes,170,89,64,126,181,35,161,57,1.27,Moderate,Moderate,Moderate
P100246,21,Male,28.1,Former,None,Moderate,No,105,68,70,124,168,63,166,192,0.73,Low,Low,Low
P100247,52,Female,25.5,Current,None,Low,Yes,118,88,53,155,240,35,125,169,1.23,High,High,Moderate
P100248,81,Female,25.9,Never,None,Moderate,No,102,73,67,114,148,28,138,82,0.7,Low,Low,Moderate
P100249,66,Female,30.8,Current,None,Moderate,No,142,67,71,124,187,72,161,105,0.89,High,High,High
P100250,34,Male,21.8,Current,None,High,Yes,155,83,81,95,213,33,100,98,0.4,Moderate,High,Low
P100251,61,Male,36.7,Never,None,Low,Yes,155,55,74,64,177,52,153,106,1.12,High,High,High
P100252,47,Female,17.9,Former,None,Low,No,147,58,82,84,231,50,128,130,0.81,Low,Low,Moderate
P100253,63,Female,24.0,Former,None,Low,No,121,77,88,104,177,20,147,134,1.33,Low,Low,High
P100254,23,Male,28.9,Never,Moderate,High,No,118,80,85,106,256,46,125,110,1.12,Moderate,Moderate,Moderate
P100255,54,Male,29.9,Never,Moderate,Moderate,No,94,75,79,162,194,55,158,104,1.34,Low,Low,Moderate
P100256,41,Male,26.5,Never,None,Moderate,No,161,61,75,107,226,54,126,136,0.67,Low,Low,Low
P100257,63,Female,26.7,Never,None,Low,No,133,70,65,140,229,60,75,160,1.31,High,Moderate,High
P100258,70,Male,29.1,Never,Heavy,Low,No,116,84,82,91,174,45,163,131,1.63,Low,Low,High
P100259,77,Male,25.8,Never,Moderate,Low,No,148,86,91,95,120,58,91,219,1.23,Moderate,Moderate,High
P100260,80,Female,34.0,Never,Moderate,High,No,107,79,78,65,214,41,157,180,1.24,Low,Low,Moderate
P100261,49,Male,31.2,Never,None,Moderate,No,132,93,94,82,202,33,117,54,1.05,Low,Low,Moderate
P100262,50,Male,31.4,Current,Moderate,High,Yes,121,84,59,120,222,34,155,181,0.84,High,High,Moderate
P100263,84,Male,22.2,Never,Moderate,Low,No,136,71,63,105,190,32,154,186,1.23,Moderate,Moderate,Moderate
P100264,35,Female,26.6,Current,Moderate,Moderate,Yes,123,76,83,133,182,62,132,123,0.55,High,Moderate,Low
P100265,42,Female,25.5,Never,Heavy,Moderate,Yes,98,63,77,110,280,31,135,60,0.87,Low,Low,Low
P100266,71,Female,22.0,Never,None,Low,No,126,78,88,94,141,53,132,150,0.47,Low,Low,Moderate
P100267,75,Female,28.8,Never,None,High,No,143,93,74,169,229,46,59,149,0.79,High,High,High
P100268,84,Female,24.3,Never,Moderate,High,No,124,88,66,102,177,48,123,82,1.19,Low,Low,Moderate
P100269,63,Female,30.3,Never,Moderate,High,No,138,96,72,139,186,66,86,62,1.15,High,Moderate,Moderate
P100270,41,Female,21.6,Former,None,Moderate,No,106,76,59,92,187,44,125,144,1.02,Low,Low,Low
P100271,49,Male,35.6,Never,None,Low,Yes,124,96,63,126,167,57,85,136,1.05,Low,Low,Moderate
P100272,64,Male,22.5,Former,None,Low,No,113,77,84,132,222,50,84,124,0.43,High,High,Moderate
P100273,40,Female,28.1,Former,None,High,No,138,97,83,111,255,48,168,144,0.89,Low,Low,Low
P100274,83,Male,31.0,Never,Moderate,Low,No,125,79,78,60,218,77,152,83,0.8,Low,Low,Moderate
P100275,44,Male,24.1,Never,Moderate,Moderate,No,137,88,57,105,204,32,119,123,0.8,Low,Low,Low
P100276,19,Female,31.3,Former,None,Moderate,Yes,144,97,71,141,160,65,125,181,1.18,High,High,Moderate
P100277,34,Male,20.9,Never,None,Moderate,No,137,77,62,120,220,57,112,129,0.74,Low,Low,Low
P100278,50,Male,34.3,Never,None,High,No,129,82,86,118,286,44,137,50,0.82,Low,Low,Moderate
P100279,26,Male,27.1,Current,None,Low,No,107,95,69,60,184,69,99,121,0.4,Low,Low,Low
P100280,60,Male,24.0,Never,Moderate,Low,No,124,78,64,83,184,27,149,85,0.91,Low,Low,Moderate
P100281,65,Male,25.5,Former,Heavy,Low,No,115,64,75,117,177,43,112,166,0.67,Low,Low,Moderate
P100282,56,Female,31.0,Current,Moderate,Moderate,No,118,105,68,117,180,35,107,169,1.02,Moderate,Moderate,Moderate
P100283,59,Female,24.1,Never,None,Low,No,118,74,89,141,120,54,120,50,0.71,Low,Low,Moderate
P100284,43,Female,23.3,Never,Moderate,Low,No,107,81,67,100,216,36,102,195,1.03,Low,Low,Low
P100285,67,Male,25.9,Never,Moderate,High,Yes,90,93,61,117,166,55,129,83,0.96,Moderate,Moderate,Moderate
P100286,42,Female,21.1,Never,Moderate,High,Yes,112,72,53,105,135,47,103,243,1.5,Low,Low,Moderate
P100287,41,Male,36.1,Never,None,Low,No,128,67,74,75,230,44,134,147,1.15,Low,Low,Moderate
P100288,30,Male,24.2,Former,None,Low,Yes,100,83,69,60,156,54,156,75,0.45,Low,Low,Low
P100289,77,Male,31.2,Never,None,High,Yes,125,58,60,117,186,46,98,81,0.62,Moderate,Moderate,Moderate
P100290,24,Male,28.0,Never,None,Low,No,159,76,86,110,258,36,116,170,1.02,Moderate,Moderate,Low
P100291,74,Female,22.1,Current,None,Low,No,143,82,81,86,143,83,133,126,0.72,Low,Low,High
P100292,53,Female,27.0,Current,None,Low,No,154,76,74,60,138,44,106,144,0.4,High,High,Moderate
P100293,62,Male,30.9,Former,None,Moderate,Yes,132,61,88,123,210,23,133,246,1.4,Moderate,Moderate,High
P100294,37,Female,26.1,Never,Moderate,Low,Yes,146,99,81,97,245,39,136,108,1.22,Moderate,Moderate,Moderate
P100295,82,Male,33.0,Former,None,High,Yes,111,81,66,121,137,34,152,153,1.16,Moderate,Moderate,Moderate
P100296,25,Female,32.1,Never,None,Moderate,No,113,97,64,160,216,59,101,235,0.82,High,Moderate,Low
P100297,33,Female,31.6,Never,Heavy,Moderate,No,90,76,83,60,223,53,91,166,1.13,Low,Low,Moderate
P100298,31,Male,24.7,Never,Heavy,Low,No,146,69,78,84,120,54,110,53,0.79,Low,Low,Low
P100299,32,Female,21.6,Current,Moderate,Moderate,Yes,152,83,76,98,231,45,90,180,1.06,Moderate,High,Low
P100300,83,Male,23.9,Never,Heavy,Moderate,No,115,77,66,148,235,46,136,80,0.72,Low,Low,Moderate
P100301,49,Female,28.0,Never,Moderate,Moderate,No,120,65,81,60,187,45,85,234,1.45,Low,Low,Moderate
P100302,80,Male,29.7,Never,Heavy,Moderate,No,111,97,67,163,250,49,189,100,0.53,High,High,Moderate
P100303,68,Male,16.1,Never,None,Moderate,No,131,72,73,109,245,60,158,328,1.37,Moderate,Moderate,High
P100304,42,Female,27.0,Current,None,High,No,145,57,89,102,204,54,120,238,1.01,Low,Low,Low
P100305,75,Female,27.8,Former,None,High,Yes,93,95,68,99,181,56,146,102,0.85,Low,Low,Moderate
P100306,80,Male,25.6,Former,None,Moderate,Yes,132,73,59,91,161,55,70,151,1.05,Moderate,Moderate,Moderate
P100307,79,Female,33.5,Never,None,Low,No,120,72,64,136,198,60,195,195,1.22,High,High,Moderate
P100308,39,Female,29.1,Never,Moderate,Low,Yes,127,58,84,72,222,53,102,197,1.41,Low,Low,Moderate
P100309,75,Male,33.6,Never,Moderate,Low,Yes,133,100,77,115,187,54,116,176,1.09,Moderate,Moderate,Moderate
P100310,75,Male,25.9,Never,Moderate,Moderate,Yes,121,64,73,93,120,64,64,225,0.73,Moderate,Moderate,Moderate
P100311,66,Female,31.7,Never,None,Moderate,Yes,123,80,69,82,250,42,134,142,1.02,High,High,Moderate
P100312,69,Male,35.2,Former,Moderate,Moderate,No,121,90,79,182,207,39,86,127,1.55,High,High,High
P100313,59,Male,33.6,Never,Moderate,High,No,142,85,66,117,184,35,123,129,1.4,High,High,High
P100314,32,Male,21.5,Never,None,High,No,132,79,78,123,234,52,103,201,1.27,Low,Low,Moderate
P100315,71,Female,25.7,Never,Moderate,High,No,128,59,67,139,260,27,87,171,1.24,High,High,Moderate
P100316,77,Female,25.3,Never,None,Low,No,102,70,66,62,120,55,95,167,1.21,Low,Low,Moderate
P100317,25,Male,29.4,Never,None,Moderate,No,118,82,68,157,217,48,126,197,1.35,Low,Low,Moderate
P100318,70,Female,30.4,Current,Heavy,Low,No,141,70,71,60,142,63,81,50,0.86,High,High,High
P100319,77,Male,22.8,Current,None,Low,No,125,82,74,81,219,41,97,168,0.59,High,Moderate,Moderate
P100320,22,Female,27.3,Current,None,Low,Yes,136,88,77,91,205,47,139,163,1.02,High,Moderate,Low
P100321,23,Male,16.9,Never,Moderate,Low,No,156,91,50,122,225,63,198,250,0.75,Low,Low,Low
P100322,64,Male,34.2,Never,Moderate,Moderate,No,143,65,66,111,180,66,134,58,0.68,High,High,High
P100323,72,Female,24.4,Never,None,High,No,126,106,71,99,125,41,92,243,0.78,Low,Low,Moderate
P100324,57,Male,27.3,Never,None,Low,No,115,89,90,104,181,52,108,154,1.75,Low,Low,Moderate
P100325,69,Female,25.5,Current,None,Moderate,No,90,79,64,75,216,53,120,179,1.04,Moderate,Moderate,Moderate
P100326,33,Female,32.7,Never,Moderate,Moderate,No,121,93,76,60,240,54,109,250,1.11,Low,Low,Moderate
P100327,30,Male,15.0,Never,None,Low,Yes,119,108,89,126,153,46,147,183,0.63,Moderate,Moderate,Low
P100328,47,Male,26.9,Never,None,Moderate,No,132,62,61,125,241,65,126,174,0.45,Moderate,Moderate,Moderate
P100329,36,Female,26.5,Never,Heavy,Low,No,122,77,78,152,174,27,147,164,0.75,Moderate,Moderate,Low
P100330,34,Male,24.7,Former,Moderate,Moderate,No,119,55,66,81,214,44,110,120,1.43,Low,Low,Moderate
P100331,80,Male,35.6,Never,None,Moderate,Yes,92,82,69,125,179,55,159,148,1.1,High,High,Moderate
P100332,36,Male,22.6,Never,Moderate,Low,No,108,84,66,96,207,55,115,107,1.18,Low,Low,Moderate
P100333,75,Male,30.9,Never,Moderate,Low,No,133,79,67,140,235,66,90,147,1.22,High,Moderate,Moderate
P100334,72,Male,28.8,Never,None,Moderate,Yes,155,72,102,135,150,64,185,50,0.82,High,High,High
P100335,79,Female,33.3,Former,None,High,No,123,55,83,111,172,46,65,175,1.42,High,High,High
P100336,40,Female,23.7,Current,Moderate,Low,Yes,130,84,86,94,207,65,97,142,0.81,Low,Low,Low
P100337,26,Male,23.3,Current,None,Moderate,No,142,97,79,133,296,41,101,129,1.42,High,High,High
P100338,29,Male,32.5,Former,Moderate,Moderate,No,110,72,58,124,165,61,195,163,1.13,Low,Low,Moderate
P100339,18,Male,29.1,Never,None,High,No,131,85,78,84,281,71,174,63,0.46,Moderate,Moderate,Low
P100340,75,Female,19.3,Former,None,High,Yes,111,61,85,65,280,64,164,265,0.78,Moderate,Moderate,Moderate
P100341,18,Male,24.3,Never,None,Moderate,No,140,85,66,96,196,51,110,143,0.46,Low,Low,Low
P100342,51,Female,28.9,Never,None,Moderate,Yes,127,75,84,150,188,46,192,141,1.35,High,Moderate,Moderate
P100343,65,Female,31.2,Current,None,High,Yes,130,70,82,139,172,31,131,92,0.99,High,High,Moderate
P100344,18,Female,23.6,Never,None,Low,Yes,110,70,93,71,197,53,149,151,0.4,Low,Low,Low
P100345,33,Male,15.0,Current,Moderate,Low,Yes,137,75,70,69,143,36,125,233,1.11,Moderate,Moderate,Moderate
P100346,78,Female,29.6,Never,Heavy,Low,No,162,84,64,143,196,40,118,212,0.84,High,High,High
P100347,81,Male,20.9,Former,Moderate,High,Yes,106,64,71,70,259,35,112,201,0.55,Moderate,Moderate,Moderate
P100348,80,Female,16.9,Former,Moderate,High,No,118,75,89,120,175,44,113,182,1.5,Low,Low,High
P100349,39,Male,15.0,Current,None,Low,No,129,79,56,86,190,49,138,128,1.03,Low,Low,Low
P100350,84,Female,31.1,Former,Heavy,Moderate,No,139,66,54,153,131,53,131,62,0.91,High,High,Moderate
P100351,43,Male,27.6,Former,None,Moderate,No,114,101,75,81,214,42,119,137,0.88,Low,Low,Low
P100352,33,Female,25.9,Never,Heavy,Low,No,90,69,70,139,210,62,165,135,0.55,Low,Low,Low
P100353,68,Male,33.9,Never,Heavy,High,No,149,71,75,110,202,47,50,212,0.61,Moderate,High,High
P100354,74,Male,30.2,Never,Moderate,Low,Yes,138,68,84,112,191,40,135,168,1.39,Moderate,Moderate,High
P100355,46,Male,35.1,Former,Heavy,Low,No,93,101,69,60,188,52,141,246,0.86,Moderate,Moderate,Moderate
P100356,64,Male,20.0,Never,Moderate,Moderate,Yes,114,86,56,60,220,73,154,221,1.01,Moderate,Moderate,Moderate
P100357,79,Female,26.8,Former,None,Moderate,Yes,153,68,95,98,198,54,118,122,0.4,Moderate,High,High
P100358,33,Female,18.9,Never,None,Low,Yes,151,93,65,112,212,45,126,50,0.6,High,High,Low
P100359,65,Male,25.9,Never,Moderate,Moderate,No,141,82,64,71,208,31,149,233,1.18,Moderate,Moderate,High
P100360,56,Female,25.8,Former,None,Moderate,Yes,121,83,86,72,244,47,164,231,1.11,High,High,Moderate
P100361,50,Male,30.1,Never,Moderate,Low,No,126,75,71,121,227,52,110,68,1.53,Low,Low,Moderate
P100362,40,Male,27.2,Never,Heavy,Low,Yes,122,71,74,121,207,45,128,240,1.4,Low,Low,Moderate
P100363,27,Female,30.1,Never,None,Moderate,No,145,84,79,100,260,30,170,172,0.93,Moderate,Moderate,Low
P100364,51,Male,30.5,Current,Moderate,Low,Yes,109,73,85,128,216,39,56,159,1.14,High,Moderate,Moderate
P100365,69,Male,37.8,Former,Heavy,High,Yes,110,101,71,69,252,67,99,246,0.91,High,High,Moderate
P100366,27,Female,25.4,Never,Heavy,High,No,143,64,90,94,224,67,163,230,1.62,Low,Low,High
P100367,36,Male,22.3,Never,Heavy,High,Yes,124,98,53,154,126,39,152,189,1.34,Low,Low,Moderate
P100368,75,Male,28.2,Never,Moderate,Low,No,149,78,82,107,252,58,135,178,1.05,High,High,High
P100369,18,Male,23.0,Former,Heavy,High,No,112,83,66,108,205,35,106,186,1.06,Low,Low,Low
P100370,21,Male,34.4,Former,Moderate,Moderate,Yes,124,89,88,174,197,66,93,125,1.43,High,High,Moderate
P100371,33,Female,25.6,Never,None,Low,No,108,72,76,63,211,52,102,146,1.17,Low,Low,Moderate
P100372,41,Female,24.2,Never,None,Low,Yes,125,90,68,128,186,61,166,95,1.47,High,Moderate,Moderate
P100373,19,Female,24.6,Never,Moderate,Low,No,98,55,81,154,209,29,101,130,0.4,Low,Low,Low
P100374,49,Male,30.6,Former,None,Moderate,Yes,116,71,83,95,176,58,123,128,1.14,Moderate,Moderate,Moderate
P100375,41,Male,26.2,Former,Moderate,Moderate,No,99,68,81,130,250,49,97,111,0.85,High,Moderate,Low
P100376,29,Female,23.8,Never,Moderate,Low,Yes,137,64,64,75,195,60,145,158,1.53,Low,Low,Moderate
P100377,67,Male,35.3,Never,None,Moderate,No,137,77,70,84,184,60,103,130,1.46,High,High,High
P100378,52,Male,22.7,Never,Moderate,Low,No,93,84,74,116,163,50,117,180,1.01,Low,Low,Moderate
P100379,50,Male,27.2,Current,Moderate,Moderate,No,149,88,74,128,210,42,69,52,1.46,High,High,High
P100380,50,Male,30.3,Never,None,Low,No,169,82,82,138,207,59,71,143,1.53,High,High,High
P100381,78,Female,18.8,Former,None,High,No,125,72,54,152,215,49,120,157,1.02,High,Moderate,Moderate
P100382,68,Female,29.4,Former,None,High,No,113,84,78,102,158,39,80,131,1.74,Low,Low,High
P100383,60,Female,21.7,Never,None,Moderate,Yes,175,81,72,140,135,38,183,139,0.99,High,High,Moderate
P100384,29,Male,31.1,Never,Heavy,Low,Yes,101,91,66,94,225,32,58,54,0.94,Low,Low,Low
P100385,84,Female,22.2,Never,None,Low,Yes,125,89,67,132,259,43,95,171,1.26,High,High,Moderate
P100386,82,Female,30.5,Former,Moderate,High,No,128,80,72,111,158,63,120,188,0.89,Moderate,Moderate,Moderate
P100387,50,Male,32.5,Former,None,Low,No,149,69,50,118,263,52,109,179,1.03,Moderate,High,Moderate
P100388,57,Male,31.3,Former,None,Low,No,131,72,67,117,211,43,86,212,1.42,Moderate,Moderate,Moderate
P100389,60,Female,28.3,Never,Moderate,Low,Yes,116,73,66,60,199,59,91,162,1.01,Low,Low,Moderate
P100390,61,Female,25.8,Never,Moderate,Moderate,No,107,76,80,71,184,40,90,178,0.49,Low,Low,Moderate
P100391,46,Female,24.1,Current,None,Moderate,Yes,118,83,66,108,144,51,111,159,1.11,Moderate,Moderate,Moderate
P100392,30,Female,34.4,Former,None,High,No,106,88,72,60,239,47,178,191,0.79,Low,Low,Low
P100393,29,Male,23.5,Never,None,Low,No,125,79,90,129,168,59,122,55,1.26,High,Moderate,Moderate
P100394,63,Female,21.8,Current,None,Low,No,114,80,84,131,168,31,155,96,1.21,High,Moderate,Moderate
P100395,19,Female,30.3,Former,Moderate,High,No,98,81,84,114,239,39,135,245,1.44,Low,Low,Moderate
P100396,52,Male,23.0,Former,None,High,No,147,73,70,71,124,30,153,50,1.27,Moderate,Moderate,Moderate
P100397,25,Female,22.2,Former,None,Low,Yes,116,68,80,146,139,46,50,141,1.33,Moderate,Moderate,Moderate
P100398,43,Male,19.8,Current,None,Moderate,No,102,58,72,166,199,64,110,220,0.8,High,Moderate,Low
P100399,51,Male,24.6,Former,Heavy,Low,Yes,121,71,73,109,211,43,159,144,1.24,Low,Low,Moderate
P100400,24,Male,26.6,Never,Heavy,High,No,126,85,79,120,219,43,102,125,1.59,Low,Low,Moderate
P100401,75,Female,28.2,Never,None,Low,No,93,71,69,111,187,60,172,157,0.79,Low,Low,Moderate
P100402,46,Female,31.8,Current,Moderate,High,Yes,130,77,89,120,301,62,164,128,1.54,Moderate,Moderate,Moderate
P100403,53,Male,29.6,Never,None,Moderate,Yes,106,85,73,101,190,48,105,151,0.84,Moderate,Moderate,Moderate
P100404,38,Female,26.0,Never,None,Moderate,No,155,86,81,103,190,58,104,108,0.74,Low,Low,Low
P100405,53,Female,26.0,Never,Moderate,Low,No,134,67,89,132,168,37,89,216,1.09,Low,Low,Moderate
P100406,27,Male,29.6,Never,Heavy,Moderate,No,117,91,85,175,204,66,101,235,1.21,Low,Low,Moderate
P100407,41,Male,33.4,Former,Heavy,Moderate,Yes,111,93,60,62,224,75,83,141,1.27,Low,Low,Moderate
P100408,81,Female,27.6,Current,Moderate,Low,Yes,123,66,79,101,248,56,132,66,0.71,High,High,Moderate
P100409,66,Male,24.7,Never,None,Moderate,No,136,70,83,69,140,24,76,118,1.13,Low,Low,Moderate
P100410,53,Female,22.0,Never,Moderate,High,No,124,94,83,152,190,43,138,138,0.79,High,Moderate,Moderate
P100411,41,Female,19.8,Never,None,Moderate,Yes,121,78,63,87,217,57,138,180,0.55,Low,Low,Low
P100412,40,Female,30.3,Current,Moderate,Moderate,No,126,55,68,61,223,44,70,89,0.72,Moderate,Moderate,Low
P100413,79,Female,29.9,Former,None,Low,Yes,114,63,84,124,200,65,166,103,0.77,Moderate,Moderate,Moderate
P100414,54,Male,29.9,Never,Moderate,Moderate,No,118,77,67,157,221,57,135,180,1.16,Low,Low,Moderate
P100415,29,Male,26.4,Current,None,Low,No,90,66,72,124,167,41,142,206,1.35,Moderate,Moderate,Moderate
P100416,72,Male,34.0,Current,None,Moderate,No,142,75,90,111,262,50,97,112,0.56,High,High,High
P100417,30,Male,24.6,Current,Heavy,High,No,130,80,74,117,239,39,138,70,1.11,Moderate,Moderate,Moderate
P100418,40,Female,31.8,Current,None,Moderate,No,111,97,67,147,146,47,153,347,0.65,High,High,Low
P100419,47,Female,26.8,Never,Moderate,Low,Yes,159,76,66,78,156,43,117,196,1.19,Moderate,Moderate,Moderate
P100420,34,Male,24.0,Former,None,Low,Yes,126,92,78,101,158,64,180,133,0.81,Low,Low,Low
P100421,79,Female,30.0,Never,None,Moderate,No,106,97,61,91,227,75,121,202,0.68,Low,Low,Moderate
P100422,30,Female,29.0,Current,None,Moderate,No,140,97,72,69,148,32,154,142,1.24,Moderate,Moderate,Moderate
P100423,76,Female,28.8,Former,None,High,No,132,83,78,95,186,26,128,202,0.82,Moderate,Moderate,Moderate
P100424,36,Male,27.4,Former,Moderate,High,No,132,56,87,138,218,47,137,159,0.91,Low,Low,Low
P100425,66,Male,26.8,Former,None,Moderate,No,117,85,81,121,197,31,69,155,0.4,Low,Low,Moderate
P100426,29,Male,38.9,Never,Heavy,Low,Yes,133,92,67,124,210,50,131,143,1.28,Low,Low,Moderate
P100427,78,Female,32.9,Never,Moderate,Low,No,120,79,86,109,157,58,97,63,1.25,Moderate,Moderate,Moderate
P100428,36,Male,30.6,Current,None,Low,No,135,100,72,120,223,67,94,266,1.0,Moderate,Moderate,Low
P100429,26,Male,27.6,Current,Moderate,Low,No,90,90,62,80,175,52,172,93,0.54,Low,Low,Low
P100430,45,Male,32.0,Never,Moderate,Moderate,No,117,86,73,95,187,47,113,68,1.36,Low,Low,Moderate
P100431,69,Male,29.6,Never,Moderate,Moderate,Yes,155,93,89,110,209,26,89,137,0.8,High,High,High
P100432,33,Male,27.1,Never,None,Moderate,No,111,84,76,113,204,50,109,92,0.86,Low,Low,Low
P100433,29,Male,25.5,Former,None,Low,No,114,55,75,114,200,50,80,146,1.69,Low,Low,Moderate
P100434,42,Female,26.6,Current,Moderate,Low,No,116,74,91,100,169,57,163,191,0.79,Low,Low,Low
P100435,69,Female,15.0,Never,Heavy,Low,Yes,103,94,60,93,188,41,99,209,1.22,High,High,Moderate
P100436,70,Male,28.1,Never,Moderate,Low,Yes,90,70,62,199,200,44,135,198,1.17,High,High,Moderate
P100437,40,Male,24.6,Current,None,High,Yes,120,77,58,132,144,32,160,131,1.12,High,Moderate,Moderate
P100438,33,Female,35.0,Former,Moderate,Low,Yes,127,67,78,117,181,22,104,152,1.08,Moderate,Moderate,Low
P100439,74,Female,27.1,Never,None,Moderate,No,124,101,76,98,215,36,135,174,1.11,Low,Low,Moderate
P100440,56,Male,21.1,Former,None,Low,No,122,100,90,91,148,31,89,50,1.08,Low,Low,Moderate
P100441,70,Male,26.8,Never,None,High,No,125,69,77,101,246,54,193,184,0.98,Moderate,Moderate,Moderate
P100442,59,Male,21.8,Never,Moderate,Moderate,No,143,81,70,113,250,43,148,62,1.45,Moderate,High,High
P100443,75,Male,29.4,Former,None,Low,No,121,71,75,60,150,43,114,272,0.61,Moderate,Moderate,Moderate
P100444,56,Female,28.5,Former,None,Moderate,Yes,114,87,76,60,254,38,96,125,1.31,Moderate,Moderate,Moderate
P100445,31,Male,31.8,Current,Moderate,Moderate,No,119,86,58,85,194,20,116,138,1.25,Low,Low,Moderate
P100446,22,Male,23.0,Former,None,High,No,135,89,102,111,216,68,109,103,1.21,Low,Low,Moderate
P100447,52,Male,27.2,Former,None,Low,Yes,150,83,80,97,180,37,178,112,1.34,Moderate,High,High
P100448,35,Male,20.2,Never,None,High,Yes,113,115,77,149,236,45,83,286,0.97,Low,Low,Low
P100449,26,Female,30.5,Never,Heavy,High,No,126,67,81,60,216,32,124,206,0.44,Low,Low,Low
P100450,75,Female,29.6,Never,Moderate,High,No,131,59,82,82,167,61,119,57,0.98,Low,Low,Moderate
P100451,34,Female,29.5,Never,None,Moderate,No,107,75,73,150,153,51,116,240,0.7,High,Moderate,Low
P100452,24,Male,27.0,Former,Moderate,Moderate,Yes,125,61,68,108,141,40,116,221,0.78,Low,Low,Low
P100453,63,Male,29.1,Current,Moderate,Moderate,No,98,62,80,131,207,45,116,133,0.63,High,High,Moderate
P100454,30,Female,35.0,Never,None,Moderate,No,93,67,78,166,222,70,146,168,0.86,High,Moderate,Low
P100455,57,Male,25.6,Never,Moderate,Moderate,Yes,131,68,66,84,226,49,138,149,0.82,Moderate,Moderate,Moderate
P100456,59,Male,27.7,Current,Moderate,Moderate,No,118,68,89,102,195,47,132,268,0.4,Moderate,Moderate,Moderate
P100457,26,Female,21.6,Never,Moderate,Moderate,Yes,128,86,77,96,153,38,50,102,1.21,Low,Low,Moderate
P100458,67,Female,22.7,Former,None,Moderate,No,124,73,82,60,172,27,128,158,1.67,Low,Low,High
P100459,44,Female,27.5,Former,Moderate,High,Yes,107,77,88,95,246,48,70,124,1.18,Low,Low,Moderate
P100460,83,Female,32.5,Former,Moderate,Low,Yes,124,90,75,131,180,53,139,64,0.94,High,High,Moderate
P100461,22,Male,25.7,Never,None,High,Yes,102,70,78,121,205,63,164,281,0.98,Low,Low,Low
P100462,46,Male,25.8,Never,None,Moderate,Yes,150,76,83,123,156,23,92,79,0.87,Moderate,Moderate,Moderate
P100463,54,Female,25.0,Former,None,High,No,100,84,67,93,213,36,112,163,1.03,Low,Low,Moderate
P100464,55,Male,24.3,Former,None,Moderate,Yes,121,56,75,85,181,43,102,50,0.99,Moderate,Moderate,Moderate
P100465,25,Female,28.5,Never,Moderate,Low,No,106,55,76,143,241,49,157,126,0.75,High,Moderate,Low
P100466,82,Female,19.5,Former,None,High,Yes,135,84,65,90,230,48,122,175,1.5,Moderate,Moderate,High
P100467,34,Male,33.4,Never,None,Low,No,119,85,98,113,180,48,171,100,0.55,Low,Low,Low
P100468,62,Female,23.7,Former,Moderate,High,No,115,104,60,109,194,54,132,185,1.22,Low,Low,Moderate
P100469,21,Male,30.6,Never,None,Moderate,Yes,140,81,62,148,177,39,127,133,0.97,High,Moderate,Low
P100470,53,Male,20.7,Current,Heavy,Moderate,No,125,89,88,134,143,61,122,219,1.57,High,Moderate,Moderate
P100471,48,Male,30.3,Never,None,Low,Yes,134,77,82,66,165,55,144,231,1.1,Moderate,Moderate,Moderate
P100472,36,Male,30.4,Never,None,Moderate,No,107,83,64,69,207,46,67,114,0.89,Low,Low,Low
P100473,78,Female,28.9,Never,None,Low,No,99,100,81,122,213,69,122,154,0.93,Low,Low,Moderate
P100474,71,Male,22.0,Never,None,Low,No,126,55,89,103,205,68,117,161,1.01,Moderate,Moderate,Moderate
P100475,56,Female,28.2,Current,None,Low,No,119,84,74,91,187,61,141,187,0.66,Moderate,Moderate,Moderate
P100476,36,Female,21.1,Current,Moderate,Low,No,136,105,100,135,237,20,114,150,0.77,High,Moderate,Low
P100477,56,Female,25.7,Never,Heavy,High,Yes,123,83,57,110,202,68,88,161,0.46,High,Moderate,Moderate
P100478,84,Female,32.1,Never,None,High,Yes,128,99,81,106,228,59,120,135,0.72,Low,Low,Moderate
P100479,62,Male,31.0,Former,Moderate,Low,No,95,72,86,128,129,74,87,156,1.03,High,Moderate,Moderate
P100480,30,Male,27.1,Current,Moderate,Moderate,No,158,79,83,93,120,64,62,227,1.09,Moderate,Moderate,Low
P100481,75,Female,22.1,Former,Moderate,Low,No,122,80,72,152,211,68,141,188,0.41,High,Moderate,Moderate
P100482,37,Female,30.2,Never,None,Moderate,No,137,55,72,81,143,60,137,192,0.96,Low,Low,Low
P100483,78,Male,27.1,Never,None,High,No,109,65,79,124,191,66,134,193,1.17,Low,Low,Moderate
P100484,56,Female,15.4,Former,None,High,No,130,66,83,148,187,73,159,140,0.95,High,Moderate,Moderate
P100485,18,Male,30.9,Never,Moderate,Moderate,No,101,89,81,63,263,52,100,169,0.81,Low,Low,Low
P100486,20,Female,26.9,Former,Moderate,Moderate,No,133,90,85,94,215,31,77,84,0.88,Low,Low,Low
P100487,79,Male,33.0,Never,None,Low,No,118,83,64,139,206,46,117,226,0.84,High,Moderate,Moderate
P100488,80,Female,21.5,Former,None,High,Yes,125,89,72,139,233,54,109,50,0.81,High,Moderate,Moderate
P100489,42,Female,15.0,Never,Heavy,Low,Yes,137,78,65,99,214,50,94,144,1.05,Low,Low,Low
P100490,73,Male,28.4,Former,Moderate,Moderate,No,102,94,71,82,181,35,117,218,1.69,Moderate,Moderate,High
P100491,50,Female,28.5,Never,Heavy,Moderate,Yes,112,80,85,133,242,30,101,68,0.78,High,Moderate,Moderate
P100492,55,Female,18.5,Former,Moderate,Moderate,No,133,80,76,140,155,41,64,173,0.9,High,Moderate,Moderate
P100493,23,Male,22.1,Never,None,Low,No,162,76,101,70,212,59,106,109,0.98,Low,Low,Low
P100494,75,Female,40.8,Former,Moderate,High,No,122,88,76,68,138,68,85,127,0.79,Moderate,Moderate,Moderate
P100495,61,Male,25.5,Former,Moderate,Low,No,135,74,75,111,208,60,126,206,1.33,Moderate,Moderate,High
P100496,62,Male,30.7,Former,None,Moderate,No,123,91,76,123,207,62,100,161,0.4,Moderate,Moderate,Moderate
P100497,49,Female,23.7,Former,Moderate,Low,No,159,66,68,96,267,49,153,50,0.84,Moderate,Moderate,Moderate
P100498,62,Female,16.5,Former,Moderate,Low,No,93,66,74,125,137,29,168,91,1.25,Low,Low,Moderate
P100499,78,Female,26.1,Current,None,Moderate,No,126,88,86,83,175,44,140,208,0.91,Moderate,Moderate,Moderate
P100500,64,Female,25.7,Never,Moderate,Moderate,No,95,78,76,60,232,46,73,176,0.75,Low,Low,Moderate
P100501,38,Female,25.0,Current,Moderate,Low,No,90,74,67,92,213,44,165,254,1.13,Low,Low,Moderate
P100502,53,Female,26.4,Never,Heavy,Low,No,130,90,65,106,207,50,167,250,1.27,Low,Low,Moderate
P100503,36,Female,28.3,Never,None,Moderate,No,127,72,70,96,161,55,120,129,1.06,Low,Low,Low
P100504,37,Male,26.2,Never,None,Moderate,No,119,77,75,70,176,60,159,300,0.76,Low,Low,Low
P100505,74,Female,20.7,Never,Moderate,High,No,123,96,86,60,249,46,103,151,1.14,Moderate,Moderate,Moderate
P100506,35,Male,29.4,Former,None,Low,No,180,98,61,89,197,27,64,92,0.88,Moderate,Moderate,Low
P100507,64,Female,17.3,Former,Moderate,Low,No,120,98,71,131,215,44,97,111,1.22,High,Moderate,Moderate
P100508,66,Female,16.7,Former,Moderate,Low,No,134,76,76,142,195,50,171,50,1.44,Low,Low,High
P100509,31,Male,30.7,Never,None,Low,No,113,94,56,140,152,64,75,246,0.4,High,Moderate,Low
P100510,32,Female,29.5,Never,Moderate,Moderate,No,130,68,66,80,237,43,119,245,1.03,Low,Low,Low
P100511,48,Female,26.7,Never,Moderate,Moderate,No,120,69,68,70,220,56,121,89,0.48,Low,Low,Moderate
P100512,18,Male,20.0,Never,None,Low,No,117,55,67,119,292,53,104,136,1.73,Low,Low,Moderate
P100513,71,Female,23.5,Never,Heavy,Low,No,157,100,76,124,159,50,106,155,0.86,Moderate,High,High
P100514,20,Female,25.7,Never,Moderate,Low,No,146,69,73,117,232,61,122,92,1.22,Low,Low,Moderate
P100515,33,Female,19.0,Never,Moderate,High,Yes,127,78,69,60,147,42,103,50,0.99,Low,Low,Low
P100516,74,Male,23.3,Former,Moderate,High,No,90,69,79,78,206,43,77,137,0.76,Low,Low,Moderate
P100517,29,Female,30.3,Former,None,Low,No,118,88,92,104,239,49,126,130,0.72,Low,Low,Low
P100518,33,Female,34.1,Current,Heavy,Low,No,173,75,91,119,120,42,152,126,1.48,Moderate,High,High
P100519,41,Female,24.9,Current,Moderate,High,No,120,64,55,128,191,56,146,163,1.29,High,Moderate,Moderate
P100520,45,Female,30.8,Former,Moderate,High,No,144,85,80,109,177,41,95,235,1.58,Low,Low,High
P100521,25,Male,17.4,Never,Moderate,Moderate,No,150,62,73,114,171,52,82,131,1.02,Moderate,Moderate,Low
P100522,53,Male,30.3,Former,None,Low,Yes,128,69,76,107,215,48,111,160,1.09,Moderate,Moderate,Moderate
P100523,25,Female,23.0,Former,Moderate,Low,No,109,55,71,125,244,52,167,193,0.92,Low,Low,Low
P100524,75,Female,28.5,Never,None,Moderate,No,90,62,76,114,194,44,139,183,0.91,Moderate,Moderate,Moderate
P100525,77,Male,25.8,Never,None,Low,Yes,137,82,76,106,208,45,141,113,0.69,Moderate,Moderate,Moderate
P100526,67,Male,33.6,Current,None,Low,Yes,110,56,69,96,204,51,146,155,1.03,Moderate,Moderate,Moderate
P100527,45,Female,22.6,Never,Heavy,Moderate,No,128,62,66,107,200,52,132,182,0.76,Low,Low,Low
P100528,58,Male,30.1,Former,Moderate,Low,No,102,79,70,119,156,49,123,82,1.13,Moderate,Moderate,Moderate
P100529,81,Female,25.6,Former,Moderate,Moderate,Yes,120,73,77,113,244,70,139,225,1.05,Moderate,Moderate,Moderate
P100530,44,Male,26.2,Never,Moderate,Low,No,125,103,80,116,211,38,103,235,1.09,Low,Low,Low
P100531,80,Male,26.1,Never,Moderate,Low,No,129,102,83,145,215,49,77,106,1.5,High,Moderate,High
P100532,34,Male,22.8,Never,Heavy,Moderate,No,104,69,70,112,167,31,141,161,0.99,Low,Low,Low
P100533,50,Male,26.9,Never,None,Low,No,146,86,77,85,181,54,157,188,1.23,Low,Low,Moderate
P100534,46,Female,26.7,Never,None,High,No,114,88,84,131,192,36,86,117,1.62,High,Moderate,Moderate
P100535,30,Male,28.2,Current,None,Moderate,No,94,72,86,64,138,46,144,178,1.39,Low,Low,Moderate
P100536,63,Male,27.4,Never,Moderate,Low,No,123,62,74,72,132,45,170,159,1.35,Low,Low,High
P100537,52,Female,31.0,Never,Moderate,Moderate,No,125,79,72,115,175,53,119,61,0.91,Moderate,Moderate,Moderate
P100538,23,Male,31.6,Never,None,Low,Yes,127,77,76,120,220,43,95,177,1.07,Moderate,Moderate,Low
P100539,64,Male,21.7,Current,None,High,No,149,74,63,67,173,42,123,83,0.6,Moderate,High,High
P100540,42,Female,31.3,Never,Moderate,Low,Yes,120,85,73,93,159,67,103,206,1.15,Moderate,Moderate,Moderate
P100541,83,Male,21.1,Never,None,Moderate,Yes,122,70,82,86,167,53,101,109,1.08,Low,Low,Moderate
P100542,27,Female,29.9,Current,Moderate,Low,Yes,105,66,81,90,181,43,132,140,1.01,Moderate,Moderate,Low
P100543,73,Female,30.1,Current,Heavy,Moderate,Yes,139,81,72,133,185,46,71,232,1.31,High,High,High
P100544,47,Female,17.4,Never,None,High,No,128,84,77,126,286,69,76,179,0.64,Low,Low,Moderate
P100545,22,Female,27.5,Current,None,High,Yes,117,65,66,104,242,47,120,85,1.49,Moderate,Moderate,Moderate
P100546,50,Male,24.7,Never,Moderate,Low,No,90,91,82,88,240,41,119,89,1.27,Low,Low,Moderate
P100547,82,Female,23.2,Never,Moderate,Low,No,150,58,74,64,246,41,130,114,0.98,Moderate,High,High
P100548,35,Male,33.8,Never,Moderate,High,No,102,73,72,147,160,43,176,173,0.96,High,Moderate,Low
P100549,66,Male,23.7,Never,Heavy,High,Yes,114,76,71,122,151,42,123,171,1.14,Moderate,Moderate,Moderate
P100550,28,Male,23.0,Former,None,Low,No,131,72,74,83,155,34,137,99,1.46,Low,Low,Moderate
P100551,43,Male,27.4,Never,Moderate,Moderate,No,103,73,70,126,253,36,90,79,1.03,Low,Low,Low
P100552,80,Male,30.4,Never,Moderate,Low,No,98,102,81,102,178,40,143,166,1.04,Moderate,Moderate,Moderate
P100553,76,Male,26.3,Former,Moderate,High,No,90,69,71,96,149,57,104,139,1.01,Low,Low,Moderate
P100554,44,Male,32.8,Former,None,Low,No,137,109,90,118,182,45,122,279,1.53,Low,Low,Moderate
P100555,66,Male,29.7,Never,Moderate,Low,No,115,85,89,82,190,47,116,152,0.89,Low,Low,Moderate
P100556,50,Male,16.1,Former,Moderate,Moderate,No,177,81,66,94,210,65,150,258,0.99,Moderate,Moderate,Moderate
P100557,18,Male,24.4,Never,None,Low,No,107,85,75,108,210,65,80,79,1.44,Low,Low,Moderate
P100558,38,Female,24.2,Former,None,Moderate,Yes,108,110,68,90,166,46,51,55,1.04,Moderate,Moderate,Low
P100559,72,Female,29.4,Former,Moderate,Moderate,No,114,68,71,125,227,42,113,82,1.34,Low,Low,High
P100560,23,Female,15.0,Current,None,Low,Yes,129,66,95,161,174,39,134,221,0.73,Moderate,Moderate,Low
P100561,22,Male,39.7,Never,None,Low,No,116,70,71,82,193,58,124,255,0.94,Low,Low,Low
P100562,20,Female,29.7,Never,None,Moderate,No,136,80,78,60,227,47,156,103,1.45,Low,Low,Moderate
P100563,70,Female,27.7,Never,Moderate,Low,No,107,59,80,60,174,45,133,122,0.8,Low,Low,Moderate
P100564,40,Female,32.9,Never,Moderate,Moderate,No,100,80,64,100,177,40,103,79,0.95,Low,Low,Low
P100565,70,Male,38.7,Never,Moderate,High,No,92,100,66,85,223,40,50,50,1.08,Moderate,Moderate,Moderate
P100566,54,Male,31.4,Current,None,Moderate,No,90,81,62,111,165,53,112,193,0.7,Moderate,Moderate,Moderate
P100567,34,Male,31.7,Never,Moderate,Low,No,115,76,66,108,184,34,150,163,0.88,Low,Low,Low
P100568,18,Male,27.7,Never,Moderate,Low,No,119,72,50,60,222,61,108,150,1.03,Low,Low,Low
P100569,68,Female,26.3,Former,Moderate,Low,Yes,113,90,80,60,282,43,120,65,1.01,Moderate,Moderate,Moderate
P100570,62,Female,24.6,Never,Heavy,Low,No,147,70,95,113,224,48,132,248,1.38,Moderate,Moderate,High
P100571,21,Female,22.9,Former,None,Moderate,No,147,102,76,109,218,33,89,119,1.46,Low,Low,High
P100572,79,Female,23.6,Never,Moderate,Moderate,Yes,118,103,60,92,221,49,138,182,0.74,Low,Low,Moderate
P100573,82,Male,20.2,Never,None,Low,No,92,83,68,60,157,46,169,62,1.03,Low,Low,Moderate
P100574,49,Male,26.6,Never,Moderate,Low,Yes,114,79,70,119,204,49,114,138,1.2,Low,Low,Moderate
P100575,51,Male,18.6,Never,None,Low,No,114,92,64,143,198,67,86,167,1.45,High,Moderate,Moderate
P100576,56,Female,28.0,Current,None,Moderate,No,113,93,83,113,212,52,118,169,1.22,Moderate,Moderate,Moderate
P100577,43,Male,26.8,Never,None,Low,No,112,70,83,79,204,40,53,159,1.09,Low,Low,Low
P100578,51,Male,27.7,Never,Moderate,Moderate,Yes,113,73,63,106,215,41,130,179,1.2,Moderate,Moderate,Moderate
P100579,71,Female,24.4,Never,None,Low,Yes,118,64,82,64,187,57,133,82,1.2,Moderate,Moderate,Moderate
P100580,20,Female,42.4,Never,Moderate,High,Yes,113,84,90,136,202,65,170,161,0.72,High,Moderate,Low
P100581,67,Male,33.8,Current,None,High,No,128,87,94,107,150,53,114,156,1.06,High,High,Moderate
P100582,29,Male,20.8,Never,None,Low,No,131,63,103,60,187,58,132,163,1.44,Low,Low,Moderate
P100583,82,Male,28.2,Former,Moderate,Low,No,108,74,65,95,255,57,94,154,0.94,Moderate,Moderate,Moderate
P100584,71,Male,24.0,Current,None,Moderate,No,147,63,103,118,212,67,109,73,1.04,High,High,High
P100585,22,Male,21.9,Former,None,Low,No,107,69,71,95,199,26,74,70,0.93,Low,Low,Low
P100586,74,Male,20.3,Current,Moderate,Moderate,No,95,86,69,96,275,58,114,50,0.4,High,High,Moderate
P100587,34,Female,29.2,Never,None,High,No,131,71,78,68,145,61,110,199,1.01,Low,Low,Low
P100588,64,Female,23.6,Never,None,Moderate,No,110,76,69,121,155,33,128,199,1.09,Low,Low,Moderate
P100589,40,Female,31.8,Never,None,High,No,130,60,78,85,268,39,101,200,0.85,Low,Low,Low
P100590,31,Male,32.0,Former,Heavy,Low,Yes,90,82,61,60,201,39,122,168,0.65,Moderate,Moderate,Low
P100591,83,Female,33.9,Current,Moderate,Low,Yes,150,79,72,93,190,41,109,50,0.74,High,High,High
P100592,68,Male,22.7,Never,Moderate,Moderate,No,137,71,87,134,152,44,110,88,1.23,High,Moderate,Moderate
P100593,55,Male,29.4,Former,Moderate,Low,Yes,97,77,74,93,217,52,122,160,1.59,Moderate,Moderate,Moderate
P100594,81,Female,30.2,Never,None,Moderate,No,98,82,76,157,221,60,121,158,1.41,High,High,High
P100595,55,Male,24.6,Former,None,Low,No,155,70,79,117,156,62,142,136,0.6,High,High,Moderate
P100596,67,Male,23.1,Never,Moderate,Low,No,111,62,86,115,194,39,116,172,1.26,Low,Low,Moderate
P100597,47,Female,35.0,Current,None,High,No,109,101,58,101,186,39,109,150,0.8,Low,Low,Moderate
P100598,68,Female,28.1,Former,None,Low,Yes,90,72,80,102,210,65,114,157,0.83,Moderate,Moderate,Moderate
P100599,80,Female,30.2,Never,None,High,No,118,78,72,97,155,57,98,111,0.86,Low,Low,Moderate
P100600,69,Male,22.9,Never,None,High,No,120,92,76,95,250,50,109,208,1.21,Low,Low,Moderate
P100601,55,Female,20.9,Never,Heavy,Moderate,No,137,122,85,120,236,55,180,124,1.29,Low,Low,Moderate
P100602,47,Female,24.2,Never,None,Moderate,No,99,65,63,76,185,49,92,70,0.97,Low,Low,Moderate
P100603,68,Male,26.4,Never,Moderate,Moderate,No,97,85,64,72,191,56,111,103,0.98,Low,Low,Moderate
P100604,22,Female,21.7,Current,None,High,No,133,71,55,71,194,45,108,129,1.14,Low,Low,Moderate
P100605,46,Female,27.0,Former,Heavy,Low,No,143,73,69,166,168,53,112,209,1.17,High,High,Moderate
P100606,21,Female,18.6,Never,None,Moderate,Yes,96,71,88,120,182,31,110,147,1.35,Low,Low,Moderate
P100607,27,Male,21.4,Never,None,Moderate,No,144,66,73,114,189,41,128,138,0.61,Low,Low,Low
P100608,73,Male,30.4,Current,Moderate,Moderate,No,125,79,61,73,264,41,68,75,1.01,High,High,Moderate
P100609,34,Male,30.0,Former,Moderate,Moderate,No,144,62,70,123,237,45,151,197,0.68,Low,Low,Low
P100610,34,Male,25.0,Never,None,Low,No,123,91,60,101,237,38,138,110,0.98,Low,Low,Low
P100611,51,Female,21.9,Former,None,Moderate,No,90,80,63,111,214,43,82,143,0.93,Low,Low,Moderate
P100612,23,Male,21.9,Never,None,High,No,122,85,78,75,155,31,51,238,0.99,Low,Low,Low
P100613,70,Male,25.1,Never,None,Low,No,144,74,63,109,198,56,90,180,0.76,Moderate,Moderate,High
P100614,83,Female,30.2,Never,None,High,Yes,108,75,86,92,238,49,112,52,0.55,Moderate,Moderate,Moderate
P100615,60,Female,31.6,Never,None,Moderate,No,118,83,74,82,149,29,197,50,0.4,Moderate,Moderate,Moderate
P100616,40,Female,24.5,Never,None,High,Yes,121,66,75,127,225,39,136,146,0.96,High,Moderate,Low
P100617,72,Male,21.2,Current,None,Moderate,Yes,90,75,72,60,292,54,65,77,0.87,High,High,Moderate
P100618,33,Male,28.3,Current,Moderate,Moderate,No,155,69,82,121,242,43,99,188,0.8,High,High,Low
P100619,25,Male,22.9,Former,Heavy,Low,No,108,69,82,125,256,41,118,152,1.4,Low,Low,Moderate
P100620,21,Female,24.4,Never,Moderate,High,No,134,55,78,78,208,49,127,159,0.74,Low,Low,Low
P100621,21,Female,33.6,Never,None,Low,Yes,123,96,80,80,238,54,80,107,1.43,Low,Low,Moderate
P100622,73,Male,31.1,Former,None,High,No,147,71,72,98,171,32,115,254,1.49,High,High,High
P100623,42,Female,27.8,Never,Heavy,High,No,132,93,80,113,231,56,98,320,0.41,Low,Low,Low
P100624,84,Female,20.6,Never,None,Low,No,120,92,71,100,226,40,86,133,1.03,Moderate,Moderate,Moderate
P100625,84,Female,28.1,Never,None,Low,No,108,64,75,118,211,49,127,171,0.88,Low,Low,Moderate
P100626,44,Male,32.3,Current,Moderate,Moderate,No,139,66,72,157,252,49,143,155,0.4,High,High,Low
P100627,49,Female,25.1,Never,Moderate,Low,No,91,110,70,89,178,43,145,134,0.57,Low,Low,Moderate
P100628,67,Female,33.8,Never,Moderate,High,No,136,101,68,60,192,37,137,100,1.23,Moderate,Moderate,Moderate
P100629,78,Male,33.5,Former,None,Low,Yes,105,79,79,129,203,46,105,84,1.61,High,Moderate,High
P100630,68,Male,35.3,Never,None,Low,No,147,83,88,155,158,69,141,81,1.27,High,High,High
P100631,36,Female,28.5,Never,Heavy,High,No,127,72,86,116,209,33,129,174,1.1,Low,Low,Low
P100632,38,Female,29.9,Never,None,Moderate,No,136,85,62,72,131,70,124,118,0.99,Low,Low,Low
P100633,22,Male,34.1,Never,Moderate,High,Yes,126,71,87,101,241,46,101,50,1.5,Moderate,Moderate,Moderate
P100634,59,Male,29.2,Former,Moderate,Low,No,93,55,71,71,201,50,105,176,1.64,Low,Low,Moderate
P100635,78,Female,24.5,Never,Moderate,Moderate,No,109,64,81,124,179,36,122,147,0.82,Low,Low,Moderate
P100636,39,Female,24.8,Never,None,Moderate,No,137,80,65,64,166,40,193,230,0.4,Low,Low,Low
P100637,38,Female,28.2,Current,None,Moderate,Yes,127,66,76,95,190,43,129,172,0.4,Moderate,Moderate,Low
P100638,18,Female,20.5,Current,Moderate,Moderate,No,146,79,78,74,227,37,101,61,1.4,Low,Low,High
P100639,22,Male,26.3,Current,Moderate,Moderate,No,132,67,60,108,221,47,95,50,0.99,Low,Low,Low
P100640,29,Female,32.5,Never,Heavy,Moderate,No,107,70,81,94,171,45,105,106,1.05,Moderate,Moderate,Low
P100641,63,Female,16.0,Never,None,Low,Yes,110,90,88,110,166,72,185,112,0.46,Low,Low,Moderate
P100642,51,Male,34.7,Current,None,Moderate,No,126,82,73,105,226,36,108,206,0.77,Moderate,Moderate,Moderate
P100643,66,Female,32.6,Former,Heavy,Low,No,90,79,88,75,171,51,147,149,0.91,High,High,Moderate
P100644,62,Male,24.7,Never,Moderate,Moderate,Yes,155,90,73,123,202,52,108,218,1.06,High,High,High
P100645,44,Female,29.7,Never,Moderate,Low,Yes,132,85,83,103,204,37,127,70,0.88,Low,Low,Low
P100646,43,Female,27.0,Never,None,Moderate,No,147,97,52,75,212,58,143,207,0.69,Low,Low,Low
P100647,64,Male,33.1,Current,Moderate,Moderate,Yes,96,74,99,172,234,45,102,193,0.76,High,High,Moderate
P100648,73,Male,31.9,Never,Moderate,Low,Yes,147,74,89,119,149,20,100,50,1.36,High,High,High
P100649,80,Female,20.0,Never,Moderate,Low,No,165,64,72,100,123,57,169,229,1.07,Moderate,Moderate,High
P100650,65,Female,29.9,Never,None,Low,No,101,74,55,147,177,36,149,155,1.18,High,Moderate,Moderate
P100651,78,Female,26.0,Former,None,Moderate,Yes,138,91,77,160,272,37,143,173,0.73,High,High,Moderate
P100652,43,Male,27.4,Current,Moderate,High,No,125,95,60,100,280,58,143,98,0.4,Low,Low,Low
P100653,53,Female,23.4,Never,None,Low,Yes,97,91,79,115,273,45,133,226,0.84,Moderate,Moderate,Moderate
P100654,18,Male,35.7,Former,None,Moderate,Yes,133,58,79,75,192,61,180,78,0.74,Low,Low,Low
P100655,25,Male,32.2,Current,Heavy,Low,Yes,140,92,65,100,128,64,121,199,1.1,High,High,Low
P100656,69,Female,23.3,Never,None,Moderate,No,114,57,86,99,120,42,137,199,1.99,Low,Low,High
P100657,64,Male,20.3,Never,Moderate,High,Yes,145,90,83,110,175,59,76,91,1.21,Moderate,High,High
P100658,73,Female,25.1,Never,None,Low,Yes,94,75,84,114,192,40,95,269,1.82,Moderate,Moderate,High
P100659,31,Female,29.2,Former,Moderate,Moderate,No,98,88,75,121,252,76,83,163,1.17,Low,Low,Moderate
P100660,45,Female,28.2,Former,Heavy,Low,No,127,64,60,112,234,41,158,189,0.81,Low,Low,Low
P100661,19,Female,33.3,Former,None,Low,Yes,125,94,84,68,209,62,50,58,1.1,Low,Low,Low
P100662,43,Female,30.9,Former,None,Low,No,112,62,72,76,164,60,107,277,1.53,Low,Low,Moderate
P100663,31,Male,31.8,Never,None,Low,Yes,139,71,61,88,161,53,50,76,1.55,Low,Low,Moderate
P100664,76,Male,28.6,Current,None,Moderate,No,134,68,88,96,210,41,95,211,0.83,Moderate,Moderate,Moderate
P100665,73,Female,20.1,Never,Moderate,Moderate,No,140,58,95,136,227,48,105,90,1.08,High,Moderate,Moderate
P100666,24,Female,26.0,Never,Heavy,Moderate,No,122,81,74,70,215,24,161,112,0.57,Low,Low,Low
P100667,20,Male,32.3,Former,None,Low,No,135,101,96,94,158,52,131,197,1.25,Low,Low,Moderate
P100668,40,Male,26.7,Former,None,Low,No,116,112,75,133,226,54,95,211,1.47,Low,Low,Moderate
P100669,35,Male,29.5,Never,None,Moderate,Yes,161,81,71,96,217,51,151,73,1.01,Moderate,Moderate,Low
P100670,55,Male,25.4,Current,Moderate,High,No,110,93,68,118,157,20,120,215,0.8,Moderate,Moderate,Moderate
P100671,32,Female,21.9,Current,None,Low,Yes,162,82,91,100,168,34,121,212,1.11,Moderate,High,Moderate
P100672,81,Female,26.4,Never,Moderate,High,No,125,85,67,112,227,41,83,93,1.13,Low,Low,Moderate
P100673,45,Male,28.5,Current,Moderate,Moderate,No,100,75,82,98,190,53,90,245,1.02,Low,Low,Low
P100674,56,Female,23.7,Never,Moderate,Moderate,No,149,82,69,125,263,53,95,62,1.05,High,High,Moderate
P100675,74,Male,25.8,Never,None,Moderate,No,127,86,70,60,220,47,121,112,0.95,Low,Low,Moderate
P100676,34,Female,22.3,Never,Moderate,Low,No,140,73,85,94,180,57,122,178,1.3,Low,Low,Moderate
P100677,61,Male,32.6,Current,None,Low,No,147,79,71,113,199,37,166,98,1.22,High,High,High
P100678,42,Female,25.5,Former,None,Moderate,Yes,131,79,70,121,202,57,131,165,0.71,Low,Low,Low
P100679,34,Male,34.3,Never,Moderate,Low,No,114,89,86,149,170,55,50,164,0.7,High,Moderate,Low
P100680,30,Male,34.6,Never,Moderate,High,No,142,67,90,93,163,54,127,138,0.92,Moderate,High,Low
P100681,42,Female,26.6,Former,None,Moderate,No,125,79,81,149,228,47,76,199,1.22,Low,Low,Moderate
P100682,27,Male,22.0,Never,None,Low,No,137,102,68,85,233,71,91,136,1.04,Low,Low,Low
P100683,84,Female,16.6,Current,None,Moderate,Yes,90,93,69,144,224,55,95,163,0.81,High,High,Moderate
P100684,35,Female,19.6,Current,None,Low,No,133,96,75,129,260,38,100,218,1.08,High,High,Low
P100685,51,Male,20.1,Never,None,Moderate,No,113,80,78,77,178,52,78,197,0.9,Low,Low,Moderate
P100686,25,Female,33.9,Current,None,Moderate,Yes,154,83,65,114,266,59,126,197,1.26,High,High,Moderate
P100687,57,Female,27.6,Never,None,High,No,136,92,82,103,163,42,77,81,1.1,Low,Low,Moderate
P100688,59,Female,28.9,Current,Moderate,Moderate,No,129,98,75,123,159,63,130,181,0.91,Low,Low,Moderate
P100689,58,Female,15.9,Former,Moderate,Moderate,No,133,56,57,98,129,54,187,97,1.07,Low,Low,Moderate
P100690,23,Female,21.0,Former,Moderate,Moderate,No,107,64,65,95,182,21,80,73,1.39,Low,Low,Moderate
P100691,69,Male,31.4,Never,None,High,Yes,154,95,69,146,179,53,111,145,0.83,High,High,High
P100692,43,Female,28.4,Current,Heavy,Low,No,160,76,74,102,221,45,50,95,1.12,Low,Low,Moderate
P100693,81,Female,26.3,Never,Moderate,Low,No,132,71,93,129,209,56,110,197,0.98,High,High,Moderate
P100694,76,Female,29.8,Never,Moderate,Low,No,153,64,77,98,152,61,139,198,1.13,Low,Low,High
P100695,73,Female,35.2,Never,Moderate,Low,No,114,73,66,154,184,52,141,50,0.8,High,High,Moderate
P100696,76,Female,25.9,Former,Heavy,Moderate,Yes,110,63,77,84,185,69,122,100,1.03,Moderate,Moderate,Moderate
P100697,50,Male,27.3,Never,Moderate,Moderate,Yes,125,105,71,86,128,47,146,62,1.33,Low,Low,Moderate
P100698,70,Female,28.0,Former,None,Moderate,No,132,79,78,150,160,57,196,122,0.72,High,Moderate,Moderate
P100699,39,Male,39.0,Current,Moderate,Low,No,117,79,80,91,169,59,171,177,0.6,Moderate,Moderate,Low
P100700,38,Male,16.5,Never,Moderate,Moderate,No,134,87,87,153,257,48,104,135,0.61,High,Moderate,Low
P100701,21,Male,30.4,Former,Moderate,Low,Yes,130,91,74,131,207,59,76,114,0.65,High,High,Low
P100702,79,Male,26.4,Never,Moderate,Moderate,No,107,91,91,100,226,42,107,228,1.18,Low,Low,Moderate
P100703,79,Female,29.8,Current,None,Moderate,No,134,92,84,60,140,44,91,50,0.58,Moderate,Moderate,Moderate
P100704,41,Male,23.7,Current,None,Low,No,140,72,67,104,247,34,133,224,0.91,Moderate,Moderate,Low
P100705,72,Male,26.8,Never,Heavy,Low,Yes,128,76,97,108,252,52,84,117,1.19,Moderate,Moderate,Moderate
P100706,26,Female,30.6,Former,Moderate,Low,No,145,89,78,140,120,53,117,145,1.12,High,High,Moderate
P100707,20,Female,42.6,Never,Moderate,High,No,103,73,66,152,171,64,145,118,0.88,High,Moderate,Low
P100708,48,Female,31.0,Never,None,High,No,133,79,91,84,219,59,116,242,1.06,Low,Low,Moderate
P100709,57,Male,22.8,Current,None,Moderate,No,103,84,95,129,225,46,91,76,1.03,High,Moderate,Moderate
P100710,53,Female,24.9,Never,Moderate,Low,No,104,89,74,127,172,35,155,150,0.93,High,Moderate,Moderate
P100711,41,Female,24.7,Never,Moderate,Moderate,No,113,58,69,137,187,55,63,181,0.94,Low,Low,Low
P100712,23,Male,18.0,Never,Moderate,Moderate,No,108,88,73,119,176,63,110,53,1.67,Low,Low,Moderate
P100713,83,Female,25.3,Current,None,Moderate,Yes,115,77,82,60,204,59,118,94,1.24,High,High,Moderate
P100714,21,Female,30.7,Never,Moderate,Low,No,121,88,87,100,247,63,120,141,1.74,Low,Low,Moderate
P100715,23,Female,20.6,Never,None,Low,Yes,140,89,80,70,169,47,125,96,0.85,Low,Low,Low
P100716,68,Female,32.2,Former,Moderate,Moderate,No,119,99,76,98,240,44,138,101,0.97,Moderate,Moderate,Moderate
P100717,79,Male,29.4,Current,None,Low,No,96,96,89,134,168,41,118,129,0.6,High,Moderate,Moderate
P100718,74,Female,23.3,Never,None,Low,No,145,96,71,114,166,49,108,188,0.76,Low,Low,High
P100719,83,Female,26.3,Never,Moderate,Low,No,109,97,85,139,232,49,107,129,1.57,High,Moderate,High
P100720,25,Male,35.0,Never,Heavy,Moderate,Yes,123,83,72,115,236,52,101,214,0.84,Low,Low,Low
P100721,43,Female,30.7,Never,None,High,No,133,80,79,66,234,48,143,90,1.58,Moderate,Moderate,Moderate
P100722,68,Male,27.0,Never,Moderate,High,No,128,90,73,60,147,48,100,74,0.63,Moderate,Moderate,Moderate
P100723,62,Female,25.8,Former,None,Moderate,Yes,144,88,74,109,181,40,145,265,0.68,High,High,High
P100724,61,Male,27.4,Former,None,Moderate,No,133,76,71,98,232,61,120,110,0.9,Moderate,Moderate,Moderate
P100725,22,Male,24.4,Former,None,Low,Yes,109,84,88,75,201,50,104,71,0.98,Low,Low,Low
P100726,43,Male,16.5,Never,None,Moderate,No,164,79,67,60,157,47,138,50,1.28,Low,Low,Moderate
P100727,36,Male,37.2,Current,Moderate,Low,No,128,69,67,82,218,41,98,214,1.14,Moderate,Moderate,Moderate
P100728,37,Female,27.8,Never,None,Moderate,Yes,122,95,96,99,171,34,139,129,0.88,Low,Low,Low
P100729,29,Male,29.0,Current,None,Low,No,142,80,84,124,271,65,126,134,0.96,Moderate,High,Low
P100730,64,Female,26.7,Former,Heavy,Low,Yes,129,104,51,110,261,56,102,140,0.9,High,Moderate,Moderate
P100731,18,Male,23.3,Never,None,Low,Yes,132,60,69,153,224,30,135,210,0.73,High,Moderate,Low
P100732,31,Male,26.1,Former,Moderate,Low,Yes,169,73,56,73,254,59,136,139,0.73,High,High,Low
P100733,81,Male,19.0,Never,None,Low,No,120,80,65,131,202,61,154,290,1.31,Low,Low,High
P100734,55,Female,38.4,Former,Moderate,Low,No,119,93,50,106,230,51,148,158,0.45,Moderate,Moderate,Moderate
P100735,54,Male,20.8,Never,None,High,No,127,84,73,125,259,69,134,213,1.49,Low,Low,Moderate
P100736,28,Female,21.8,Never,None,Moderate,Yes,144,83,63,91,209,52,86,198,0.9,Moderate,Moderate,Low
P100737,20,Female,24.8,Current,None,Moderate,Yes,97,66,75,137,189,32,193,147,0.77,High,High,Low
P100738,50,Female,33.4,Never,None,High,No,90,66,58,113,131,54,77,114,1.22,Low,Low,Moderate
P100739,23,Female,27.1,Current,None,High,No,114,83,75,84,196,52,148,169,1.45,Low,Low,Moderate
P100740,67,Female,20.8,Never,Moderate,Moderate,No,95,63,70,104,232,42,132,180,1.34,Low,Low,High
P100741,27,Female,33.3,Former,Moderate,High,Yes,117,73,90,97,237,56,84,115,1.15,Low,Low,Moderate
P100742,22,Female,30.7,Former,Moderate,Low,No,134,86,89,119,220,29,116,159,1.33,Low,Low,Moderate
P100743,40,Female,29.7,Never,Moderate,Low,No,108,68,82,69,178,61,117,224,0.49,Low,Low,Low
P100744,27,Female,30.6,Never,None,Moderate,No,99,99,71,104,120,39,159,274,0.84,Low,Low,Low
P100745,61,Male,39.0,Never,None,Moderate,No,126,94,94,116,180,38,98,201,0.73,Moderate,Moderate,Moderate
P100746,19,Male,37.9,Never,None,Moderate,Yes,140,61,59,105,187,48,112,261,1.37,Moderate,Moderate,Moderate
P100747,30,Male,23.6,Never,None,Low,No,94,68,60,145,187,55,50,112,0.88,Low,Low,Low
P100748,57,Male,35.1,Former,Moderate,Low,No,139,55,74,128,224,51,172,192,1.25,High,Moderate,Moderate
P100749,19,Male,28.9,Current,Moderate,Moderate,No,139,70,97,104,279,41,87,230,1.16,Moderate,Moderate,Moderate
P100750,82,Female,29.5,Current,None,Low,No,142,89,72,111,204,43,129,96,0.74,Moderate,High,High
P100751,80,Female,18.5,Former,None,Moderate,No,146,75,73,113,191,36,116,120,0.82,Low,Low,High
P100752,34,Female,26.1,Former,Moderate,Moderate,No,164,85,60,117,189,47,117,254,1.39,Low,Low,High
P100753,26,Female,22.9,Former,Moderate,Moderate,Yes,118,61,84,60,204,62,144,91,0.77,Low,Low,Low
P100754,32,Female,31.1,Never,None,Moderate,No,126,89,84,95,166,49,170,69,1.04,Low,Low,Low
P100755,41,Female,32.4,Current,Heavy,High,No,117,73,82,60,204,60,127,241,0.77,Moderate,Moderate,Low
P100756,55,Female,16.6,Former,Heavy,Moderate,No,125,80,68,143,218,67,139,221,0.91,High,Moderate,Moderate
P100757,52,Male,26.9,Former,None,Moderate,No,152,78,67,103,208,42,129,175,0.99,Moderate,High,Moderate
P100758,66,Male,32.6,Never,None,Moderate,Yes,100,64,62,99,218,47,150,147,0.77,High,High,Moderate
P100759,79,Male,26.1,Never,Moderate,Low,No,109,66,75,131,217,76,106,123,0.71,High,Moderate,Moderate
P100760,77,Male,30.6,Never,Heavy,Low,No,149,91,64,117,129,67,152,166,1.09,Moderate,High,High
P100761,67,Female,28.8,Current,Moderate,Low,Yes,143,84,63,71,225,29,153,244,0.75,High,High,High
P100762,26,Female,28.7,Never,None,Moderate,No,118,92,70,102,173,54,152,164,0.76,Low,Low,Low
P100763,51,Female,25.6,Never,None,Moderate,Yes,140,83,70,94,156,50,100,280,0.72,Moderate,Moderate,Moderate
P100764,52,Male,20.9,Current,Moderate,High,No,131,81,69,60,155,59,114,96,0.98,Moderate,Moderate,Moderate
P100765,18,Female,21.4,Never,Moderate,Low,No,152,59,79,84,217,41,127,148,1.28,Low,Low,Moderate
P100766,57,Female,30.5,Never,None,Low,No,126,76,75,99,191,39,78,127,1.45,Moderate,Moderate,Moderate
P100767,81,Female,27.1,Never,Moderate,High,No,143,79,72,101,132,41,167,84,0.78,Low,Low,High
P100768,39,Male,26.3,Former,Moderate,Low,No,172,103,76,60,219,43,119,140,1.65,Moderate,High,High
P100769,77,Female,24.9,Current,Moderate,Moderate,No,135,88,65,139,142,59,128,175,0.7,High,Moderate,Moderate
P100770,81,Male,25.5,Never,Moderate,Moderate,No,125,98,76,101,205,35,102,181,1.33,Moderate,Moderate,High
P100771,28,Male,32.2,Current,Moderate,Moderate,No,138,87,76,106,209,42,80,280,0.78,Moderate,Moderate,Low
P100772,31,Male,25.3,Never,None,Low,No,118,71,59,117,235,28,101,177,0.74,Low,Low,Low
P100773,77,Male,20.3,Current,Moderate,Low,Yes,167,81,84,81,271,62,126,219,0.78,High,High,High
P100774,47,Female,30.7,Former,None,Low,No,128,82,66,118,145,65,140,153,0.98,Low,Low,Moderate
P100775,52,Male,26.0,Current,Moderate,Moderate,Yes,120,68,75,93,197,46,124,250,1.17,High,Moderate,Moderate
P100776,54,Male,27.2,Never,None,Moderate,No,109,75,86,78,188,46,130,293,1.2,Low,Low,Moderate
P100777,22,Female,35.0,Current,Moderate,Low,No,144,77,84,122,217,55,109,181,0.72,High,High,Low
P100778,43,Female,26.9,Former,None,Moderate,No,140,99,75,149,208,67,134,90,0.7,Low,Low,Low
P100779,79,Male,28.4,Never,None,High,No,116,55,71,126,185,54,164,117,0.73,Low,Low,Moderate
P100780,21,Female,21.1,Current,None,Low,No,135,94,84,132,182,41,141,166,0.97,Low,Low,Low
P100781,59,Male,25.9,Never,None,Moderate,No,97,68,81,89,155,30,144,177,0.94,Low,Low,Moderate
P100782,35,Male,30.0,Current,Moderate,Moderate,Yes,128,63,68,60,239,36,128,191,0.71,Moderate,Moderate,Low
P100783,57,Male,19.2,Never,Moderate,Low,Yes,133,94,67,149,218,50,74,177,1.08,High,High,Moderate
P100784,56,Male,28.0,Former,Moderate,Low,Yes,155,88,54,166,236,42,88,150,1.68,High,High,High
P100785,31,Female,27.5,Never,None,Moderate,No,111,95,76,151,187,52,133,111,0.85,Low,Low,Low
P100786,49,Male,27.2,Never,None,High,Yes,101,89,74,94,173,43,119,174,0.87,Low,Low,Moderate
P100787,68,Female,32.2,Never,None,High,No,108,104,86,70,156,37,133,261,1.17,Moderate,Moderate,Moderate
P100788,55,Female,28.7,Never,None,Moderate,No,100,86,78,73,214,35,170,211,0.83,Low,Low,Moderate
P100789,40,Female,34.4,Never,Moderate,Moderate,Yes,149,78,88,60,158,68,141,182,1.2,Moderate,High,Moderate
P100790,80,Female,22.0,Never,None,Low,No,152,84,68,101,273,60,157,211,0.78,Moderate,High,High
P100791,32,Male,27.7,Former,None,Moderate,No,130,94,86,153,147,70,122,127,1.55,Low,Low,Moderate
P100792,42,Female,27.4,Never,None,Moderate,Yes,146,70,69,100,210,56,95,119,1.1,Moderate,Moderate,Low
P100793,34,Male,21.7,Never,None,Low,No,127,72,82,114,262,44,118,105,0.81,Low,Low,Low
P100794,83,Female,31.8,Former,Moderate,Moderate,No,123,76,60,146,223,65,95,142,0.82,Low,Low,Moderate
P100795,70,Female,38.6,Never,Moderate,Moderate,No,119,55,77,92,207,49,166,124,0.85,Moderate,Moderate,Moderate
P100796,68,Male,26.9,Current,None,Low,No,119,81,55,166,161,52,143,222,1.41,High,Moderate,High
P100797,56,Male,29.5,Current,None,High,No,97,57,72,164,144,49,135,121,0.62,High,High,Moderate
P100798,68,Male,27.4,Former,None,Low,No,129,80,79,101,230,20,157,101,0.8,Low,Low,Moderate
P100799,23,Female,23.4,Former,None,Low,Yes,124,90,69,87,260,69,59,266,0.83,Low,Low,Low
P100800,84,Female,17.9,Current,None,Low,No,138,74,64,125,182,55,137,122,1.0,Low,Low,Moderate
P100801,24,Male,23.5,Never,Heavy,Moderate,No,126,100,83,94,154,53,80,159,0.92,Low,Low,Low
P100802,68,Male,20.0,Never,Moderate,Moderate,Yes,122,62,73,70,120,49,119,177,0.55,Moderate,Moderate,Moderate
P100803,59,Male,35.5,Never,Moderate,Low,No,109,94,70,143,160,51,110,81,0.88,High,High,Moderate
P100804,81,Male,26.4,Former,None,Moderate,No,126,88,75,141,195,42,139,224,0.97,High,Moderate,Moderate
P100805,32,Female,25.3,Never,None,Low,No,138,59,101,109,263,57,126,188,0.81,Moderate,Moderate,Low
P100806,46,Male,31.4,Former,Moderate,Moderate,No,104,112,86,67,226,34,160,243,1.21,Low,Low,Moderate
P100807,50,Male,21.4,Current,Moderate,Moderate,No,126,79,86,68,212,52,101,109,1.28,Low,Low,Moderate
P100808,44,Male,23.2,Current,Moderate,Moderate,No,129,69,79,108,183,56,141,155,0.98,Low,Low,Low
P100809,53,Male,27.3,Never,None,High,No,112,63,76,90,176,47,124,152,1.07,Low,Low,Moderate
P100810,46,Female,32.1,Never,Moderate,Low,No,114,77,51,94,256,54,70,165,0.4,Moderate,Moderate,Moderate
P100811,55,Male,29.5,Current,None,Low,No,129,78,68,135,208,38,92,62,0.87,High,Moderate,Moderate
P100812,74,Female,28.2,Former,Moderate,Moderate,No,104,81,70,126,120,38,115,156,1.3,Moderate,Moderate,Moderate
P100813,44,Male,27.4,Never,Moderate,High,No,131,76,56,146,173,52,153,64,0.87,Low,Low,Low
P100814,72,Male,29.0,Never,Moderate,Low,No,108,87,63,75,165,58,133,171,0.78,Low,Low,Moderate
P100815,50,Female,28.0,Current,None,Low,No,144,75,55,94,178,27,84,50,1.68,High,High,High
P100816,83,Male,21.9,Former,Moderate,Low,No,167,56,74,127,222,56,115,50,1.55,High,High,High
P100817,27,Female,27.2,Current,None,Moderate,Yes,109,78,83,118,195,43,180,199,1.14,Low,Low,Moderate
P100818,22,Female,21.6,Current,None,Low,No,134,55,86,150,196,47,123,117,1.34,High,Moderate,Moderate
P100819,55,Male,27.4,Former,None,Moderate,No,111,84,79,117,252,33,110,90,0.4,Moderate,Moderate,Moderate
P100820,30,Female,24.6,Never,Moderate,High,Yes,143,68,65,160,172,39,134,226,0.76,High,High,Low
P100821,48,Female,39.7,Never,None,Moderate,No,102,81,55,121,274,61,142,169,0.86,Moderate,Moderate,Moderate
P100822,64,Female,26.8,Never,None,Low,No,133,95,57,136,173,50,106,202,0.93,High,Moderate,Moderate
P100823,69,Female,20.0,Never,Moderate,Moderate,No,109,68,62,95,203,45,135,140,0.85,Low,Low,Moderate
P100824,73,Female,26.3,Former,None,Low,Yes,121,92,66,105,188,48,110,310,0.4,Low,Low,Moderate
P100825,32,Female,29.6,Former,Moderate,High,No,106,74,73,132,204,55,141,113,1.12,Low,Low,Moderate
P100826,46,Female,35.4,Current,None,Moderate,No,139,101,64,153,217,55,125,254,1.16,High,Moderate,Moderate
P100827,25,Female,24.1,Never,None,Low,Yes,109,75,78,126,217,49,134,146,1.48,Low,Low,Moderate
P100828,22,Male,19.1,Former,Moderate,Moderate,No,134,69,72,102,169,63,97,50,0.76,Low,Low,Low
P100829,46,Male,31.1,Former,None,Moderate,No,118,88,75,146,155,61,95,178,0.74,High,High,Moderate
P100830,64,Female,20.1,Former,None,Moderate,Yes,122,74,86,60,300,54,148,168,0.4,Moderate,Moderate,Moderate
P100831,62,Male,24.8,Former,Moderate,Low,No,127,69,63,62,180,50,117,86,0.91,Low,Low,Moderate
P100832,19,Female,25.7,Never,Moderate,High,No,111,74,79,125,227,57,128,94,1.27,Low,Low,Moderate
P100833,44,Female,26.7,Never,Moderate,High,No,128,79,74,105,135,53,110,148,0.82,Low,Low,Low
P100834,53,Male,30.4,Never,None,Moderate,Yes,152,96,71,123,188,62,146,170,1.64,High,High,High
P100835,53,Female,23.6,Never,None,High,Yes,110,56,83,106,194,60,101,50,0.92,Moderate,Moderate,Moderate
P100836,43,Female,25.6,Never,Moderate,Low,Yes,146,80,83,122,218,37,115,213,1.04,Moderate,Moderate,Low
P100837,60,Female,26.9,Former,Moderate,Moderate,No,151,87,65,80,120,36,143,120,0.59,Moderate,High,Moderate
P100838,44,Female,27.7,Current,Moderate,Moderate,No,110,82,73,122,206,41,155,70,1.09,Low,Low,Low
P100839,37,Male,27.5,Former,Moderate,Moderate,Yes,98,95,77,134,154,61,104,206,0.41,Low,Low,Low
P100840,28,Female,29.2,Former,Moderate,Moderate,Yes,130,79,72,141,212,31,178,148,1.21,Moderate,Moderate,Moderate
P100841,55,Female,31.2,Never,None,Low,No,115,77,80,165,158,54,129,222,1.22,High,Moderate,Moderate
P100842,23,Female,29.0,Former,None,Low,No,158,87,77,112,165,54,88,176,1.41,Low,Low,High
P100843,40,Male,29.3,Never,Moderate,Low,No,125,81,93,113,189,63,131,149,0.69,Low,Low,Low
P100844,64,Female,19.1,Never,None,Low,No,110,75,59,60,157,52,108,140,1.05,Low,Low,Moderate
P100845,63,Male,27.3,Never,None,Moderate,No,104,86,73,89,180,33,133,178,1.17,Moderate,Moderate,Moderate
P100846,29,Male,29.4,Never,Moderate,Low,Yes,144,72,65,99,152,38,118,125,1.13,Low,Low,Moderate
P100847,30,Female,30.6,Never,Moderate,Low,No,114,72,81,136,126,35,122,98,0.74,High,Moderate,Low
P100848,79,Female,23.5,Never,None,Moderate,No,125,73,58,86,240,43,92,186,0.4,Low,Low,Moderate
P100849,77,Male,23.7,Never,None,Moderate,No,142,96,78,128,148,47,149,141,1.1,High,High,High
P100850,60,Female,24.1,Current,None,High,No,116,55,68,104,192,36,85,152,0.95,Moderate,Moderate,Moderate
P100851,22,Male,29.7,Never,Moderate,Moderate,Yes,124,84,67,99,230,67,86,215,0.83,Low,Low,Low
P100852,54,Male,32.2,Never,Heavy,Low,Yes,124,80,60,112,175,34,131,143,1.23,Low,Low,Moderate
P100853,48,Female,25.0,Never,None,High,No,137,59,70,93,166,66,168,150,0.99,Low,Low,Moderate
P100854,26,Female,31.5,Former,None,Moderate,Yes,135,83,85,92,209,64,109,114,0.6,Low,Low,Low
P100855,68,Male,27.6,Never,Moderate,Low,Yes,121,85,74,60,244,60,141,175,0.42,Moderate,Moderate,Moderate
P100856,46,Male,26.4,Never,None,Moderate,Yes,126,87,81,97,153,41,152,170,0.66,Low,Low,Moderate
P100857,57,Male,25.9,Never,Moderate,High,Yes,118,55,91,90,193,54,144,204,1.72,Moderate,Moderate,Moderate
P100858,58,Male,30.7,Never,Heavy,Low,No,98,96,77,89,130,34,110,115,1.22,Moderate,Moderate,Moderate
P100859,28,Female,28.6,Never,None,Low,Yes,129,71,69,117,184,60,87,122,1.06,Low,Low,Low
P100860,40,Female,38.4,Never,Moderate,Low,No,159,88,79,124,201,49,53,197,0.95,Moderate,High,Low
P100861,18,Female,22.7,Never,None,Low,No,109,88,69,111,165,45,112,165,0.93,Low,Low,Low
P100862,63,Female,29.6,Never,None,Moderate,No,111,69,69,134,181,35,155,95,1.35,Low,Low,High
P100863,38,Female,24.4,Never,Moderate,Moderate,Yes,109,87,59,122,143,20,86,228,0.85,Low,Low,Low
P100864,53,Male,22.7,Current,None,Low,No,138,75,84,96,203,37,141,50,1.17,Low,Low,Moderate
P100865,71,Female,26.9,Former,Heavy,High,Yes,133,55,71,91,242,63,91,197,0.9,Moderate,Moderate,Moderate
P100866,74,Female,27.7,Never,Moderate,Moderate,No,122,94,76,114,156,45,123,74,1.58,Low,Low,High
P100867,18,Female,41.6,Never,None,Moderate,No,108,70,64,122,175,47,141,263,1.22,Low,Low,Moderate
P100868,80,Female,26.1,Current,None,High,No,126,69,79,146,220,57,100,57,1.37,High,Moderate,High
P100869,71,Female,21.3,Never,None,Low,No,96,75,67,140,248,71,125,219,0.82,High,High,Moderate
P100870,72,Male,28.4,Never,None,Moderate,No,127,83,73,88,140,65,107,145,1.32,Low,Low,High
P100871,57,Male,16.6,Former,None,Moderate,No,140,79,83,101,193,38,141,128,0.91,Low,Low,Moderate
P100872,32,Male,26.5,Never,None,High,No,102,86,82,125,211,26,127,161,1.03,Low,Low,Low
P100873,38,Female,27.1,Never,None,Moderate,No,97,63,74,137,195,78,121,187,1.49,High,Moderate,Moderate
P100874,64,Male,31.0,Never,Moderate,Low,No,153,71,57,133,120,77,166,95,0.69,High,High,High
P100875,70,Male,31.9,Current,Moderate,High,No,113,78,104,103,220,52,139,101,1.06,Moderate,Moderate,Moderate
P100876,26,Female,24.5,Never,Moderate,Low,No,145,102,92,67,260,34,99,188,1.13,Low,Low,Moderate
P100877,69,Female,26.2,Former,None,High,No,122,78,82,75,204,61,117,50,1.16,Low,Low,Moderate
P100878,74,Female,23.2,Current,None,High,No,122,93,67,113,158,48,117,114,0.86,Moderate,Moderate,Moderate
P100879,43,Male,21.4,Never,Moderate,Low,No,132,80,73,115,179,48,122,332,1.63,Low,Low,Moderate
P100880,58,Male,28.5,Never,None,Moderate,Yes,109,74,69,72,270,60,195,91,0.61,Moderate,Moderate,Moderate
P100881,52,Female,20.6,Never,None,Low,No,127,77,87,106,236,54,131,218,1.44,Moderate,Moderate,Moderate
P100882,80,Female,24.9,Never,Moderate,Moderate,Yes,118,77,77,123,225,35,58,114,1.36,Low,Low,High
P100883,42,Male,22.0,Never,Moderate,Moderate,No,101,87,67,70,214,46,103,180,1.57,Low,Low,Moderate
P100884,55,Male,29.7,Current,Moderate,Moderate,Yes,131,96,70,138,173,57,62,189,0.52,High,High,Moderate
P100885,19,Female,36.0,Former,None,High,Yes,120,84,86,93,191,56,110,217,0.74,Moderate,Moderate,Low
P100886,24,Female,20.5,Former,Moderate,Moderate,No,122,94,91,142,196,53,60,137,1.45,Low,Low,Moderate
P100887,51,Male,17.7,Never,Moderate,Moderate,No,103,68,90,88,221,61,93,269,0.44,Low,Low,Moderate
P100888,34,Female,26.4,Current,Moderate,High,Yes,153,75,82,74,260,45,74,114,0.52,High,High,Low
P100889,60,Male,27.1,Current,Moderate,High,No,140,71,72,91,244,52,131,164,0.85,High,High,Moderate
P100890,76,Male,28.1,Current,Moderate,Low,Yes,142,83,50,102,143,20,120,164,1.06,High,High,High
P100891,68,Male,24.8,Never,Moderate,High,Yes,119,75,77,93,208,44,129,82,1.48,Low,Low,High
P100892,71,Male,26.0,Former,None,Low,No,93,88,74,98,229,59,116,132,0.94,Low,Low,Moderate
P100893,41,Female,28.8,Never,Moderate,High,No,160,68,76,115,224,45,78,159,0.82,Low,Low,Low
P100894,42,Female,32.2,Never,Moderate,Low,Yes,123,80,75,99,174,44,135,124,1.09,Low,Low,Low
P100895,69,Male,17.2,Never,Moderate,Low,No,111,88,61,103,316,37,177,296,1.14,Moderate,Moderate,Moderate
P100896,50,Male,25.2,Former,None,Moderate,Yes,132,55,80,60,148,62,132,99,1.13,Low,Low,Moderate
P100897,66,Male,28.1,Former,None,Moderate,No,146,105,81,116,156,56,107,220,0.95,Moderate,High,High
P100898,46,Male,22.4,Never,Moderate,Low,No,124,76,81,102,209,59,77,201,0.41,Low,Low,Moderate
P100899,80,Male,35.7,Never,Moderate,Low,No,148,55,84,153,284,29,92,149,0.72,High,High,High
P100900,39,Female,23.8,Never,Heavy,Moderate,No,144,81,81,76,166,48,133,98,1.43,Low,Low,High
P100901,43,Female,26.8,Never,Moderate,High,No,105,80,70,60,189,46,152,103,1.06,Low,Low,Low
P100902,45,Female,29.8,Never,Moderate,Low,No,112,79,74,123,243,46,127,118,0.9,Low,Low,Low
P100903,66,Female,24.0,Never,Moderate,Low,Yes,142,91,75,115,199,42,143,50,1.34,High,High,High
P100904,66,Male,17.8,Former,Moderate,Moderate,No,90,88,76,74,186,45,141,89,0.66,Low,Low,Moderate
P100905,37,Male,24.9,Never,Moderate,Low,No,122,83,84,60,222,60,135,61,0.93,Low,Low,Low
P100906,80,Male,32.1,Never,Moderate,High,Yes,99,85,81,151,210,27,100,230,1.04,High,High,Moderate
P100907,78,Male,25.3,Never,None,High,Yes,116,78,95,147,241,71,125,187,0.87,High,High,Moderate
P100908,66,Male,22.8,Current,None,Moderate,No,119,101,97,60,251,55,94,197,1.03,High,High,Moderate
P100909,18,Female,31.6,Former,Moderate,Low,No,118,62,75,91,212,49,120,185,0.94,Moderate,Moderate,Low
P100910,30,Male,25.3,Former,None,Moderate,Yes,115,81,50,154,211,60,129,160,0.58,High,Moderate,Low
P100911,68,Female,24.4,Never,None,Moderate,Yes,105,80,87,90,208,32,170,237,1.05,Moderate,Moderate,Moderate
P100912,73,Female,27.7,Former,None,High,No,166,89,69,90,219,42,80,113,0.6,Low,Low,High
P100913,79,Female,30.9,Never,None,Moderate,No,158,69,66,96,202,48,134,156,1.05,High,High,High
P100914,49,Female,38.9,Former,None,Moderate,No,104,59,71,71,199,66,164,194,1.41,Low,Low,Moderate
P100915,47,Male,31.1,Current,None,Moderate,No,153,81,70,60,247,49,142,70,0.92,High,High,Moderate
P100916,46,Female,32.8,Former,Heavy,Moderate,Yes,117,83,81,136,260,55,144,335,0.65,High,High,Moderate
P100917,66,Female,24.5,Current,Moderate,High,No,127,97,59,60,139,42,137,151,0.96,Moderate,Moderate,Moderate
P100918,62,Female,21.9,Former,None,Moderate,No,123,64,64,112,200,55,158,158,0.75,Moderate,Moderate,Moderate
P100919,47,Male,27.3,Never,None,Moderate,No,113,93,78,131,172,70,87,225,1.18,Low,Low,Moderate
P100920,33,Male,27.5,Current,Moderate,Low,Yes,142,108,81,61,187,61,78,204,0.96,High,High,Low
P100921,57,Male,21.6,Never,None,Moderate,No,127,75,81,77,216,49,119,152,1.51,Low,Low,Moderate
P100922,36,Female,26.1,Never,Moderate,Moderate,No,116,64,67,141,226,58,55,157,1.35,High,Moderate,Moderate
P100923,35,Female,29.0,Never,Moderate,Low,No,101,75,65,120,195,56,156,59,0.95,Low,Low,Low
P100924,18,Male,28.8,Never,Moderate,Low,No,108,80,69,86,123,56,156,116,1.21,Low,Low,Moderate
P100925,64,Female,29.5,Never,None,Moderate,Yes,95,86,77,141,161,63,106,181,0.88,High,High,Moderate
P100926,83,Male,28.5,Never,Moderate,Moderate,No,125,72,89,141,235,63,108,176,1.01,Moderate,Moderate,Moderate
P100927,55,Male,24.5,Never,None,Moderate,No,103,98,54,113,120,48,117,223,0.89,Low,Low,Moderate
P100928,68,Female,24.4,Former,Heavy,Low,No,120,66,72,77,247,57,121,142,1.23,Moderate,Moderate,Moderate
P100929,80,Female,21.0,Never,Moderate,Moderate,No,149,59,61,92,220,45,123,66,1.43,Moderate,High,High
P100930,21,Female,35.9,Never,None,Low,No,146,93,58,113,252,38,136,213,1.24,Moderate,High,Moderate
P100931,18,Female,27.1,Former,None,Moderate,No,124,55,84,99,192,46,114,236,1.28,Low,Low,Moderate
P100932,25,Male,25.9,Never,None,Low,No,123,77,80,133,120,49,148,203,1.28,Low,Low,Moderate
P100933,46,Male,22.4,Former,Moderate,Low,Yes,158,117,79,60,217,30,133,140,1.17,Low,Low,Moderate
P100934,72,Male,41.7,Former,None,Low,No,134,79,84,60,250,60,101,212,0.66,Moderate,Moderate,Moderate
P100935,20,Male,21.6,Current,Moderate,Low,No,119,66,70,110,236,20,160,355,1.51,Low,Low,Moderate
P100936,49,Male,24.9,Former,None,Low,No,99,79,70,90,173,82,79,156,1.54,Low,Low,Moderate
P100937,27,Female,29.1,Never,Moderate,Low,No,132,79,96,86,203,68,117,71,0.93,Low,Low,Low
P100938,51,Male,30.0,Former,Moderate,Moderate,No,139,81,72,60,178,46,149,114,0.89,Low,Low,Moderate
P100939,72,Male,31.8,Never,Moderate,Moderate,No,113,87,82,105,167,50,98,187,1.18,Moderate,Moderate,Moderate
P100940,49,Male,36.0,Never,Moderate,Low,No,130,67,75,103,238,53,129,53,1.17,Low,Low,Moderate
P100941,67,Female,29.5,Former,None,High,No,118,100,56,124,152,42,136,160,0.94,Low,Low,Moderate
P100942,24,Female,21.7,Never,None,Low,No,121,82,54,107,164,52,94,172,0.62,Low,Low,Low
P100943,25,Female,25.7,Former,Moderate,Moderate,Yes,90,88,69,101,155,48,117,242,1.09,Low,Low,Low
P100944,82,Female,28.5,Current,None,Low,Yes,121,72,85,140,140,48,115,228,1.17,High,High,Moderate
P100945,74,Male,37.3,Current,None,Low,No,142,95,82,65,205,52,103,201,1.22,High,High,High
P100946,84,Male,20.0,Current,None,Moderate,Yes,113,76,84,121,246,34,189,50,1.1,High,High,Moderate
P100947,76,Female,33.0,Never,None,Moderate,Yes,125,83,65,60,192,50,97,205,0.92,Moderate,Moderate,Moderate
P100948,71,Female,27.9,Never,None,High,No,111,68,91,79,139,51,150,192,1.3,Low,Low,Moderate
P100949,84,Male,31.2,Former,Moderate,Moderate,No,131,68,65,68,233,51,108,165,1.02,High,High,Moderate
P100950,68,Male,26.5,Never,None,High,No,121,88,77,128,267,47,87,50,0.86,High,High,Moderate
P100951,25,Female,22.8,Former,Moderate,Low,No,108,74,74,103,174,63,123,103,0.95,Low,Low,Low
P100952,51,Female,30.8,Former,None,Low,No,148,69,73,104,180,45,139,79,0.48,High,High,Moderate
P100953,52,Female,30.3,Former,Moderate,Low,No,141,72,88,71,220,52,147,50,0.95,High,High,Moderate
P100954,49,Female,31.9,Never,None,Low,Yes,114,88,67,96,264,65,166,149,1.21,Moderate,Moderate,Moderate
P100955,63,Male,26.9,Never,Moderate,Moderate,No,133,72,61,82,179,49,208,102,1.1,Low,Low,Moderate
P100956,33,Male,24.0,Never,Moderate,Moderate,No,134,78,75,116,146,52,127,307,1.46,Low,Low,Moderate
P100957,54,Male,19.2,Never,None,Low,No,136,80,71,75,225,48,100,139,0.92,Low,Low,Moderate
P100958,71,Female,31.1,Current,Heavy,High,No,94,56,108,144,231,64,133,227,1.15,High,High,Moderate
P100959,31,Female,29.1,Never,Heavy,High,No,143,62,81,60,200,46,112,55,1.24,Low,Low,Moderate
P100960,72,Male,22.2,Never,Moderate,Low,Yes,114,84,70,80,177,65,147,118,1.7,Moderate,Moderate,High
P100961,65,Male,24.3,Never,Moderate,Low,No,118,71,64,155,239,48,81,155,1.04,High,Moderate,Moderate
P100962,24,Male,24.7,Former,None,Low,No,172,92,56,91,221,39,191,95,0.69,Low,Low,Low
P100963,24,Male,19.6,Former,Moderate,Low,No,130,91,64,65,169,58,145,124,1.25,Low,Low,Moderate
P100964,50,Female,22.9,Never,None,Low,Yes,118,88,76,111,201,46,69,136,1.56,Low,Low,Moderate
P100965,40,Male,21.3,Never,None,Moderate,No,90,101,89,90,145,57,98,135,0.9,Low,Low,Low
P100966,36,Male,24.9,Never,Heavy,Low,No,150,79,86,79,227,20,144,261,1.25,Moderate,Moderate,Moderate
P100967,36,Male,23.3,Never,None,Low,Yes,100,87,77,72,189,50,155,172,1.37,Low,Low,Moderate
P100968,53,Male,18.9,Former,Moderate,High,No,106,72,71,188,182,44,81,178,1.31,Low,Low,Moderate
P100969,46,Male,37.1,Former,Moderate,Moderate,No,119,109,77,97,198,37,141,182,1.04,Low,Low,Moderate
P100970,77,Male,33.3,Never,Moderate,High,No,150,103,69,60,201,43,61,186,0.79,Moderate,High,High
P100971,19,Male,23.1,Never,Heavy,Low,No,138,80,92,149,235,43,117,145,0.98,High,Moderate,Low
P100972,18,Female,28.4,Current,None,Low,No,122,84,73,123,223,49,153,130,1.14,Moderate,Moderate,Moderate
P100973,64,Female,29.1,Never,None,Moderate,No,130,96,74,82,193,33,103,160,1.27,Low,Low,Moderate
P100974,37,Female,33.0,Former,None,Low,No,114,78,52,77,230,53,74,219,1.1,Low,Low,Low
P100975,28,Female,22.9,Never,None,Low,Yes,127,72,73,125,216,66,124,217,0.89,Moderate,Moderate,Low
P100976,19,Male,32.5,Never,None,Moderate,No,126,90,83,97,182,53,101,135,1.17,Low,Low,Moderate
P100977,84,Female,24.3,Never,None,Moderate,Yes,142,80,64,60,195,59,138,196,1.26,High,High,High
P100978,29,Female,20.3,Never,Moderate,Moderate,Yes,142,82,67,158,194,63,93,138,1.11,High,High,Moderate
P100979,37,Male,30.6,Current,Moderate,Moderate,No,133,69,82,91,220,64,96,152,0.75,Low,Low,Low
P100980,22,Male,33.5,Never,None,Moderate,No,118,59,60,149,185,72,59,121,0.95,High,Moderate,Low
P100981,54,Female,39.9,Never,Moderate,Low,No,138,82,85,143,184,44,125,139,1.28,High,High,Moderate
P100982,55,Female,21.0,Never,None,Low,No,123,90,69,74,278,41,115,230,0.59,Moderate,Moderate,Moderate
P100983,26,Male,30.5,Never,None,Low,No,105,77,71,135,237,59,84,155,0.4,High,Moderate,Low
P100984,70,Female,25.0,Never,Moderate,Low,Yes,117,97,63,85,169,58,125,158,1.45,Moderate,Moderate,High
P100985,61,Male,30.9,Never,Moderate,High,No,126,71,78,60,222,59,150,63,1.15,Low,Low,Moderate
P100986,41,Male,19.6,Former,Moderate,Moderate,No,141,67,99,92,204,72,113,131,1.18,Low,Low,Moderate
P100987,47,Male,20.7,Never,None,Moderate,No,121,79,82,116,215,50,128,135,0.68,Low,Low,Moderate
P100988,76,Male,23.1,Never,Moderate,Low,No,103,79,66,91,205,55,128,100,1.22,Low,Low,Moderate
P100989,31,Female,27.4,Current,Moderate,Low,No,126,89,86,95,247,38,83,151,1.08,Moderate,Moderate,Low
P100990,26,Male,23.8,Never,Moderate,Low,No,127,70,71,139,213,75,181,124,0.52,Low,Low,Low
P100991,57,Male,30.3,Current,Moderate,Low,Yes,128,96,88,108,197,45,105,154,1.43,Moderate,Moderate,Moderate
P100992,83,Female,32.1,Never,Moderate,Low,No,141,103,83,79,241,46,139,157,1.05,High,High,High
P100993,42,Male,30.0,Current,Moderate,Moderate,No,143,79,50,126,209,45,143,92,0.88,Moderate,High,Low
P100994,39,Female,35.1,Former,Moderate,Moderate,No,114,94,64,110,204,42,115,126,0.89,Low,Low,Low
P100995,21,Female,29.1,Current,Heavy,Moderate,Yes,113,67,84,60,212,41,138,154,0.4,Low,Low,Low
P100996,43,Female,20.9,Current,Moderate,Moderate,No,106,92,76,117,196,43,127,221,1.18,Low,Low,Moderate
P100997,75,Male,33.8,Never,None,High,Yes,137,92,64,116,200,33,77,165,1.08,High,High,Moderate
P100998,46,Female,24.0,Current,Moderate,Low,No,151,90,68,105,176,40,110,110,0.94,High,High,Moderate
P100999,54,Female,31.6,Never,None,Low,No,119,79,55,131,169,73,101,173,1.38,High,High,Moderate
